,,,,,,,,Scoring,Scoring,Scoring,,,Goals,Goals,Goals,Goals,Assists,Assists,Assists,,,,,,,,,
Rk,Player,Pos,Tm,,Opp,,Boxscore,G,A,PTS,+/-,PIM,EV,PP,SH,GW,EV,PP,SH,S,S%,SHFT,TOI,HIT,BLK,FOW,FOL,FO%
1,Nathan MacKinnon\mackina01,C,COL,,NSH,W,boxscore,1,3,4,2,0,0,1,0,0,3,0,0,10,10.0,17,14:28,0,1,5,4,55.6
2,Logan Couture\coutulo01,C,SJS,,MIN,W,boxscore,1,3,4,1,0,1,0,0,0,1,2,0,4,25.0,26,20:58,2,0,3,6,33.3
3,Joonas Donskoi\donskjo01,RW,COL,,NSH,W,boxscore,3,0,3,2,0,2,1,0,0,0,0,0,6,50.0,21,19:07,0,0,0,0,
4,Alex Ovechkin\ovechal01,LW,WSH,@,FLA,W,boxscore,2,1,3,1,0,1,1,0,0,1,0,0,8,25.0,21,20:13,2,0,0,0,
5,Jared McCann\mccanja01,C,PIT,@,NYI,W,boxscore,1,2,3,3,0,1,0,0,0,2,0,0,3,33.3,22,15:04,4,0,0,0,
6,John Carlson\carlsjo01,D,WSH,@,FLA,W,boxscore,1,2,3,2,0,1,0,0,0,1,1,0,5,20.0,24,24:08,1,2,0,0,
7,Ryan Graves\gravery01,D,COL,,NSH,W,boxscore,1,2,3,2,2,1,0,0,0,1,0,1,4,25.0,23,20:11,2,4,0,0,
8,Noah Hanifin\hanifno01,D,CGY,,NJD,W,boxscore,1,2,3,1,0,0,1,0,0,1,1,0,4,25.0,27,20:42,3,0,0,0,
9,Tomas Hertl\hertlto01,C,SJS,,MIN,W,boxscore,1,2,3,1,0,0,1,0,0,2,0,0,1,100.0,25,15:51,2,0,8,5,61.5
10,Cale Makar\makarca01,D,COL,,NSH,W,boxscore,1,2,3,1,0,1,0,0,0,1,1,0,4,25.0,27,19:50,1,1,0,0,
11,Andre Burakovsky\burakan01,LW,COL,,NSH,W,boxscore,1,2,3,0,0,1,0,0,1,0,2,0,2,50.0,21,16:45,0,0,0,1,0.0
12,Patrick Kane\kanepa01,RW,CHI,,VAN,W,boxscore,1,2,3,0,0,0,1,0,1,1,1,0,4,25.0,22,19:23,2,1,0,0,
13,Eric Staal\staaler01,C,MIN,@,SJS,L,boxscore,1,2,3,0,2,1,0,0,0,2,0,0,3,33.3,21,18:02,0,0,8,2,80.0
14,Gustav Nyquist\nyquigu01,RW,CBJ,@,ARI,W,boxscore,1,2,3,-1,0,1,0,0,0,1,1,0,4,25.0,20,12:17,0,0,0,0,
15,Evgeny Kuznetsov\kuzneev01,C,WSH,@,FLA,W,boxscore,0,3,3,1,0,0,0,0,0,2,1,0,2,0.0,23,18:16,0,0,7,7,50.0
16,Dylan Strome\stromdy01,C,CHI,,VAN,W,boxscore,0,3,3,0,2,0,0,0,0,1,2,0,0,,21,17:08,0,0,3,12,20.0
17,Bryan Rust\rustbr01,RW,PIT,@,NYI,W,boxscore,2,0,2,4,0,2,0,0,1,0,0,0,4,50.0,23,16:29,0,1,0,0,
18,Tom Wilson\wilsoto01,RW,WSH,@,FLA,W,boxscore,2,0,2,1,2,2,0,0,1,0,0,0,2,100.0,23,17:20,1,2,1,0,100.0
19,Evgeni Malkin\malkiev01,C,PIT,@,NYI,W,boxscore,1,1,2,3,0,1,0,0,0,1,0,0,4,25.0,25,17:15,0,1,5,7,41.7
20,Casey Cizikas\cizikca01,C,NYI,,PIT,L-OT,boxscore,1,1,2,2,0,1,0,0,0,0,0,1,3,33.3,25,17:10,1,2,6,7,46.2
21,Johnny Gaudreau\gaudrjo01,LW,CGY,,NJD,W,boxscore,1,1,2,2,0,1,0,0,0,1,0,0,3,33.3,25,19:31,0,0,0,0,
22,Timo Meier\meierti01,RW,SJS,,MIN,W,boxscore,1,1,2,2,4,1,0,0,0,1,0,0,2,50.0,23,15:03,0,2,1,1,50.0
23,Matthew Nieto\nietoma01,LW,COL,,NSH,W,boxscore,1,1,2,2,0,0,0,1,0,1,0,0,1,100.0,20,13:33,0,0,1,1,50.0
24,Adam Pelech\pelecad01,D,NYI,,PIT,L-OT,boxscore,1,1,2,2,0,1,0,0,0,0,0,1,3,33.3,30,25:57,0,3,0,0,
25,Pavel Buchnevich\buchnpa01,LW,NYR,@,CAR,W,boxscore,1,1,2,1,0,1,0,0,1,0,1,0,1,100.0,21,17:20,2,0,0,0,
26,Matt Calvert\calvema01,LW,COL,,NSH,W,boxscore,1,1,2,1,0,1,0,0,0,1,0,0,3,33.3,26,16:20,1,1,0,0,
27,Luke Kunin\kuninlu01,C,MIN,@,SJS,L,boxscore,1,1,2,1,0,1,0,0,0,1,0,0,2,50.0,25,17:49,0,1,11,7,61.1
28,Sean Monahan\monahse01,C,CGY,,NJD,W,boxscore,1,1,2,1,0,1,0,0,0,1,0,0,1,100.0,25,18:49,1,1,8,9,47.1
29,Artemi Panarin\panarar01,LW,NYR,@,CAR,W,boxscore,1,1,2,1,0,1,0,0,0,1,0,0,2,50.0,21,18:11,0,0,0,0,
30,Marcus Sorensen\sorenma01,RW,SJS,,MIN,W,boxscore,1,1,2,1,0,1,0,0,0,1,0,0,3,33.3,21,15:58,0,1,0,1,0.0
31,John Tavares\tavarjo01,C,TOR,,VEG,W,boxscore,1,1,2,1,0,1,0,0,1,0,1,0,4,25.0,16,16:47,0,1,7,8,46.7
32,Mikael Backlund\backlmi01,C,CGY,,NJD,W,boxscore,1,1,2,0,4,0,1,0,1,0,1,0,3,33.3,25,17:56,0,0,7,9,43.8
33,Oliver Bjorkstrand\bjorkol01,RW,CBJ,@,ARI,W,boxscore,1,1,2,0,0,1,0,0,1,1,0,0,4,25.0,20,13:15,1,0,0,0,
34,Evander Kane\kaneev01,LW,SJS,,MIN,W,boxscore,1,1,2,0,2,0,1,0,1,1,0,0,3,33.3,24,18:56,2,0,1,0,100.0
35,Jack Hughes\hugheja03,C,NJD,@,CGY,L,boxscore,1,1,2,-1,2,1,0,0,0,1,0,0,2,50.0,19,14:26,0,0,9,5,64.3
36,Evgenii Dadonov\dadonev01,RW,FLA,,WSH,L-OT,boxscore,1,1,2,-2,0,0,1,0,0,1,0,0,3,33.3,19,18:20,0,1,0,0,
37,Aleksander Barkov\barkoal01,C,FLA,,WSH,L-OT,boxscore,1,1,2,-3,2,1,0,0,0,0,1,0,2,50.0,23,19:14,0,0,9,11,45.0
38,Erik Johnson\johnser01,D,COL,,NSH,W,boxscore,0,2,2,3,0,0,0,0,0,2,0,0,4,0.0,29,24:47,2,0,0,0,
39,Olli Maatta\maattol01,D,CHI,,VAN,W,boxscore,0,2,2,2,0,0,0,0,0,1,0,1,0,,21,15:03,1,0,0,0,
40,Viktor Arvidsson\arvidvi01,LW,NSH,@,COL,L,boxscore,0,2,2,0,0,0,0,0,0,1,1,0,3,0.0,19,15:27,0,1,0,0,
41,Brent Burns\burnsbr01,D/RW,SJS,,MIN,W,boxscore,0,2,2,0,2,0,0,0,0,0,2,0,3,0.0,32,25:06,3,0,0,0,
42,Ryan Johansen\johanry01,C,NSH,@,COL,L,boxscore,0,2,2,0,2,0,0,0,0,2,0,0,0,,21,16:28,1,0,8,9,47.1
43,Cal Clutterbuck\cluttca01,RW,NYI,,PIT,L-OT,boxscore,1,0,1,2,0,0,0,1,0,0,0,0,1,100.0,25,16:32,2,2,0,0,
44,Brad Hunt\huntbr01,D,MIN,@,SJS,L,boxscore,1,0,1,2,0,1,0,0,0,0,0,0,2,50.0,19,13:21,0,0,0,0,
45,Artem Anisimov\anisiar01,C,OTT,,LAK,W,boxscore,1,0,1,1,0,1,0,0,0,0,0,0,4,25.0,19,16:20,0,1,4,6,40.0
46,Ben Chiarot\chiarbe01,D,MTL,@,PHI,L-OT,boxscore,1,0,1,1,0,1,0,0,0,0,0,0,2,50.0,30,25:03,4,2,0,0,
47,Jakob Chychrun\chychja01,D,ARI,,CBJ,L,boxscore,1,0,1,1,2,1,0,0,0,0,0,0,3,33.3,25,24:39,1,0,0,0,
48,Brett Connolly\connobr01,RW,FLA,,WSH,L-OT,boxscore,1,0,1,1,0,1,0,0,0,0,0,0,2,50.0,17,12:14,1,0,0,0,
49,Alex DeBrincat\debrial01,RW,CHI,,VAN,W,boxscore,1,0,1,1,0,1,0,0,0,0,0,0,3,33.3,21,16:05,0,0,0,1,0.0
50,David Kampf\kampfda01,C,CHI,,VAN,W,boxscore,1,0,1,1,0,0,0,1,0,0,0,0,2,50.0,22,16:37,0,0,3,4,42.9
51,Philippe Myers\myersph01,D,PHI,,MTL,W,boxscore,1,0,1,1,0,1,0,0,0,0,0,0,4,25.0,24,16:14,1,0,0,0,
52,Max Pacioretty\pacioma01,LW,VEG,@,TOR,L-OT,boxscore,1,0,1,1,0,1,0,0,0,0,0,0,5,20.0,22,18:25,2,0,1,0,100.0
53,Derek Ryan\ryande01,C,CGY,,NJD,W,boxscore,1,0,1,1,0,1,0,0,0,0,0,0,4,25.0,21,15:12,0,0,4,7,36.4
54,Brandon Saad\saadbr01,LW,CHI,,VAN,W,boxscore,1,0,1,1,0,1,0,0,0,0,0,0,2,50.0,22,16:42,2,0,0,0,
55,Andrew Shaw\shawan01,C,CHI,,VAN,W,boxscore,1,0,1,1,0,0,1,0,0,0,0,0,1,100.0,17,13:06,0,0,2,3,40.0
56,Carl Soderberg\soderca01,C,ARI,,CBJ,L,boxscore,1,0,1,1,0,1,0,0,0,0,0,0,1,100.0,23,19:13,1,0,5,9,35.7
57,James van Riemsdyk\vanrija01,LW,PHI,,MTL,W,boxscore,1,0,1,1,0,1,0,0,0,0,0,0,3,33.3,26,18:14,0,0,0,0,
58,Frank Vatrano\vatrafr01,LW,FLA,,WSH,L-OT,boxscore,1,0,1,1,0,1,0,0,0,0,0,0,3,33.3,22,16:05,0,0,0,1,0.0
59,Jake Virtanen\virtaja01,RW,VAN,@,CHI,L,boxscore,1,0,1,1,2,1,0,0,0,0,0,0,2,50.0,24,13:24,3,1,0,0,
60,Emil Bemstrom\bemstem01,C,CBJ,@,ARI,W,boxscore,1,0,1,0,0,0,1,0,0,0,0,0,3,33.3,16,12:14,0,0,0,0,
61,Dustin Brown\browndu01,RW,LAK,@,OTT,L-OT,boxscore,1,0,1,0,0,1,0,0,0,0,0,0,4,25.0,30,23:57,3,0,1,1,50.0
62,Sean Couturier\coutuse01,C,PHI,,MTL,W,boxscore,1,0,1,0,0,1,0,0,1,0,0,0,3,33.3,25,19:01,0,1,0,0,
63,Ryan Donato\donatry01,C,MIN,@,SJS,L,boxscore,1,0,1,0,0,1,0,0,0,0,0,0,1,100.0,13,7:51,1,0,0,0,
64,Anthony Duclair\duclaan01,LW,OTT,,LAK,W,boxscore,1,0,1,0,0,1,0,0,0,0,0,0,2,50.0,27,19:24,0,0,0,0,
65,Filip Forsberg\forsbfi01,C,NSH,@,COL,L,boxscore,1,0,1,0,0,1,0,0,0,0,0,0,3,33.3,22,14:46,0,0,0,0,
66,Nikita Gusev\gusevni01,LW,NJD,@,CGY,L,boxscore,1,0,1,0,4,1,0,0,0,0,0,0,2,50.0,19,12:04,0,0,0,0,
67,Dougie Hamilton\hamildo01,D,CAR,,NYR,L,boxscore,1,0,1,0,0,1,0,0,0,0,0,0,7,14.3,27,22:44,1,0,0,0,
68,Brendan Lemieux\lemiebr01,LW,NYR,@,CAR,W,boxscore,1,0,1,0,0,0,1,0,0,0,0,0,3,33.3,19,13:40,2,0,0,0,
69,Jean-Gabriel Pageau\pageaje01,C,OTT,,LAK,W,boxscore,1,0,1,0,0,1,0,0,1,0,0,0,3,33.3,29,20:42,2,1,8,5,61.5
70,Craig Smith\smithcr01,C,NSH,@,COL,L,boxscore,1,0,1,0,0,1,0,0,0,0,0,0,2,50.0,18,12:24,0,0,0,1,0.0
71,Tyler Toffoli\toffoty01,C,LAK,@,OTT,L-OT,boxscore,1,0,1,0,0,1,0,0,0,0,0,0,5,20.0,24,18:47,0,0,0,0,
72,Sebastian Aho\ahose01,F,CAR,,NYR,L,boxscore,1,0,1,-1,0,1,0,0,0,0,0,0,3,33.3,23,20:32,2,0,5,5,50.0
73,Ryan Ellis\ellisry01,D,NSH,@,COL,L,boxscore,1,0,1,-1,0,1,0,0,0,0,0,0,3,33.3,28,22:14,3,3,0,0,
74,Adam Fox\foxad01,D,NYR,@,CAR,W,boxscore,1,0,1,-1,0,1,0,0,0,0,0,0,1,100.0,26,20:39,1,3,0,0,
75,Auston Matthews\matthau01,C,TOR,,VEG,W,boxscore,1,0,1,-1,0,0,1,0,0,0,0,0,6,16.7,21,22:39,2,0,3,3,50.0
76,Radim Simek\simekra01,D,SJS,,MIN,W,boxscore,1,0,1,-1,0,1,0,0,0,0,0,0,4,25.0,28,19:45,2,4,0,0,
77,Shea Weber\webersh01,D,MTL,@,PHI,L-OT,boxscore,1,0,1,-1,0,1,0,0,0,0,0,0,5,20.0,31,23:44,2,1,0,0,
78,Matt Duchene\duchema01,C,NSH,@,COL,L,boxscore,1,0,1,-2,4,0,1,0,0,0,0,0,1,100.0,20,15:43,2,0,7,4,63.6
79,J.T. Miller\millejt01,C,VAN,@,CHI,L,boxscore,1,0,1,-2,6,0,1,0,0,0,0,0,2,50.0,26,21:34,1,0,4,2,66.7
80,Jason Zucker\zuckeja01,LW,MIN,@,SJS,L,boxscore,1,0,1,-2,0,1,0,0,0,0,0,0,1,100.0,11,10:09,0,0,0,0,
81,Brian Dumoulin\dumoubr01,D,PIT,@,NYI,W,boxscore,0,1,1,2,0,0,0,0,0,1,0,0,1,0.0,26,20:15,0,1,0,0,
82,Joel Eriksson Ek\eriksjo02,C,MIN,@,SJS,L,boxscore,0,1,1,2,0,0,0,0,0,1,0,0,1,0.0,24,18:28,1,0,5,4,55.6
83,Rasmus Andersson\anderra01,D,CGY,,NJD,W,boxscore,0,1,1,1,0,0,0,0,0,0,1,0,4,0.0,26,21:08,0,0,0,0,
84,Nicklas Backstrom\backsni02,C,WSH,@,FLA,W,boxscore,0,1,1,1,0,0,0,0,0,1,0,0,2,0.0,21,18:20,0,0,8,7,53.3
85,Brian Boyle\boylebr01,C,FLA,,WSH,L-OT,boxscore,0,1,1,1,2,0,0,0,0,1,0,0,2,0.0,22,15:28,0,3,10,5,66.7
86,Ryan Carpenter\carpery01,C,CHI,,VAN,W,boxscore,0,1,1,1,0,0,0,0,0,1,0,0,3,0.0,20,13:47,3,0,4,6,40.0
87,Filip Chlapik\chlapfi01,C,OTT,,LAK,W,boxscore,0,1,1,1,2,0,0,0,0,1,0,0,1,0.0,13,6:03,1,1,0,1,0.0
88,J.T. Compher\comphj.01,LW,COL,,NSH,W,boxscore,0,1,1,1,0,0,0,0,0,0,0,1,1,0.0,26,15:04,2,1,1,6,14.3
89,Nick Cousins\cousini01,C,MTL,@,PHI,L-OT,boxscore,0,1,1,1,0,0,0,0,0,1,0,0,2,0.0,17,12:56,2,0,0,0,
90,Michael Dal Colle\dalcomi01,LW,NYI,,PIT,L-OT,boxscore,0,1,1,1,0,0,0,0,0,1,0,0,0,,22,16:04,1,0,0,0,
91,Phillip Danault\danauph01,LW,MTL,@,PHI,L-OT,boxscore,0,1,1,1,0,0,0,0,0,1,0,0,1,0.0,30,20:21,1,0,12,8,60.0
92,Anthony DeAngelo\deangan01,D,NYR,@,CAR,W,boxscore,0,1,1,1,0,0,0,0,0,0,1,0,1,0.0,24,15:49,0,0,0,0,
93,Tyler Ennis\ennisty01,C,OTT,,LAK,W,boxscore,0,1,1,1,0,0,0,0,0,1,0,0,1,0.0,18,17:05,1,0,0,0,
94,Adam Gaudette\gaudead01,C,VAN,@,CHI,L,boxscore,0,1,1,1,0,0,0,0,0,1,0,0,1,0.0,12,8:55,3,0,0,0,
95,Claude Giroux\giroucl01,C/RW,PHI,,MTL,W,boxscore,0,1,1,1,0,0,0,0,0,1,0,0,1,0.0,28,20:13,0,0,9,11,45.0
96,Tyson Jost\jostty01,C,COL,,NSH,W,boxscore,0,1,1,1,0,0,0,0,0,1,0,0,3,0.0,17,15:59,0,1,1,2,33.3
97,Vladislav Kamenev\kamenvl01,LW,COL,,NSH,W,boxscore,0,1,1,1,0,0,0,0,0,1,0,0,0,,14,11:18,1,0,2,3,40.0
98,Erik Karlsson\karlser01,D,SJS,,MIN,W,boxscore,0,1,1,1,0,0,0,0,0,1,0,0,0,,31,28:22,2,2,0,0,
99,Travis Konecny\konectr01,C,PHI,,MTL,W,boxscore,0,1,1,1,0,0,0,0,0,1,0,0,3,0.0,26,18:41,0,0,5,2,71.4
100,Elias Lindholm\lindhel01,C,CGY,,NJD,W,boxscore,0,1,1,1,0,0,0,0,0,1,0,0,1,0.0,26,19:38,0,1,3,5,37.5
101,Ilya Lyubushkin\lyubuil01,D,ARI,,CBJ,L,boxscore,0,1,1,1,2,0,0,0,0,1,0,0,1,0.0,14,9:43,4,2,0,0,
102,John Marino\marinjo01,D,PIT,@,NYI,W,boxscore,0,1,1,1,0,0,0,0,0,1,0,0,1,0.0,27,20:42,0,1,0,0,
103,Mitch Marner\marnemi01,RW,TOR,,VEG,W,boxscore,0,1,1,1,0,0,0,0,0,1,0,0,1,0.0,25,24:09,0,1,1,1,50.0
104,Dmitry Orlov\orlovdm01,D,WSH,@,FLA,W,boxscore,0,1,1,1,2,0,0,0,0,1,0,0,0,,19,17:05,1,1,0,0,
105,Ryan Pulock\pulocry01,D,NYI,,PIT,L-OT,boxscore,0,1,1,1,0,0,0,0,0,1,0,0,3,0.0,30,26:02,1,1,0,0,
106,Juuso Riikola\riikoju01,D,PIT,@,NYI,W,boxscore,0,1,1,1,0,0,0,0,0,1,0,0,4,0.0,25,17:37,2,0,0,0,
107,Anton Stralman\stralan01,D,FLA,,WSH,L-OT,boxscore,0,1,1,1,0,0,0,0,0,1,0,0,0,,27,23:08,2,1,0,0,
108,Ryan Strome\stromry01,C,NYR,@,CAR,W,boxscore,0,1,1,1,0,0,0,0,0,1,0,0,0,,24,15:47,1,0,7,13,35.0
109,T.J. Tynan\tynant.01,C,COL,,NSH,W,boxscore,0,1,1,1,0,0,0,0,0,0,1,0,0,,15,10:41,0,0,0,0,
110,Cam Atkinson\atkinca01,RW,CBJ,@,ARI,W,boxscore,0,1,1,0,0,0,0,0,0,0,1,0,3,0.0,23,18:32,0,0,1,0,100.0
111,Mathew Barzal\barzama01,C,NYI,,PIT,L-OT,boxscore,0,1,1,0,2,0,0,0,0,1,0,0,1,0.0,25,18:41,0,0,2,3,40.0
112,Sam Bennett\bennesa01,C,CGY,,NJD,W,boxscore,0,1,1,0,0,0,0,0,0,0,1,0,1,0.0,18,14:37,2,0,4,2,66.7
113,Nick Bonino\boninni01,C,NSH,@,COL,L,boxscore,0,1,1,0,0,0,0,0,0,1,0,0,1,0.0,25,16:38,0,1,9,6,60.0
114,T.J. Brodie\broditj01,D,CGY,,NJD,W,boxscore,0,1,1,0,0,0,0,0,0,1,0,0,1,0.0,25,16:15,0,0,0,0,
115,Will Butcher\butchwi01,D,NJD,@,CGY,L,boxscore,0,1,1,0,0,0,0,0,0,1,0,0,0,,23,15:48,0,2,0,0,
116,Jonathan Drouin\drouijo01,LW,MTL,@,PHI,L-OT,boxscore,0,1,1,0,0,0,0,0,0,1,0,0,0,,19,13:24,1,0,0,1,0.0
117,Pierre-Luc Dubois\duboipi01,LW,CBJ,@,ARI,W,boxscore,0,1,1,0,2,0,0,0,0,1,0,0,0,,20,13:23,1,1,3,2,60.0
118,Ryan Dzingel\dzingry01,C,CAR,,NYR,L,boxscore,0,1,1,0,0,0,0,0,0,1,0,0,2,0.0,18,14:32,0,0,3,0,100.0
119,Jesper Fast\fastje01,RW,NYR,@,CAR,W,boxscore,0,1,1,0,0,0,0,0,0,1,0,0,0,,22,16:10,1,2,0,0,
120,Michael Grabner\grabnmi01,RW,ARI,,CBJ,L,boxscore,0,1,1,0,0,0,0,0,0,1,0,0,3,0.0,22,13:26,0,0,0,0,
121,Ryan Hartman\hartmry01,RW,MIN,@,SJS,L,boxscore,0,1,1,0,17,0,0,0,0,1,0,0,1,0.0,15,11:28,1,1,0,0,
122,Vinnie Hinostroza\hinosvi01,C,ARI,,CBJ,L,boxscore,0,1,1,0,0,0,0,0,0,1,0,0,1,0.0,16,11:20,0,0,0,0,
123,Seth Jones\jonesse01,D,CBJ,@,ARI,W,boxscore,0,1,1,0,0,0,0,0,0,1,0,0,2,0.0,29,21:37,1,2,0,0,
124,Duncan Keith\keithdu01,D,CHI,,VAN,W,boxscore,0,1,1,0,0,0,0,0,0,0,1,0,2,0.0,27,26:11,0,2,0,0,
125,Michal Kempny\kempnmi01,D,WSH,@,FLA,W,boxscore,0,1,1,0,2,0,0,0,0,1,0,0,1,0.0,23,21:28,0,3,0,0,
126,Ilya Kovalchuk\kovalil01,LW,LAK,@,OTT,L-OT,boxscore,0,1,1,0,2,0,0,0,0,1,0,0,1,0.0,21,15:32,0,0,0,0,
127,Anders Lee\leean01,C,NYI,,PIT,L-OT,boxscore,0,1,1,0,0,0,0,0,0,1,0,0,2,0.0,24,17:53,5,1,0,0,
128,Martin Necas\necasma01,C,CAR,,NYR,L,boxscore,0,1,1,0,0,0,0,0,0,1,0,0,4,0.0,18,13:30,1,0,0,0,
129,Nick Paul\paulni01,LW,OTT,,LAK,W,boxscore,0,1,1,0,0,0,0,0,0,1,0,0,2,0.0,26,20:29,3,1,5,3,62.5
130,Ivan Provorov\provoiv01,D,PHI,,MTL,W,boxscore,0,1,1,0,0,0,0,0,0,1,0,0,4,0.0,29,23:46,2,1,0,0,
131,Morgan Rielly\riellmo01,D,TOR,,VEG,W,boxscore,0,1,1,0,0,0,0,0,0,0,1,0,5,0.0,28,24:02,1,2,0,0,
132,Matt Roy\royma04,D,LAK,@,OTT,L-OT,boxscore,0,1,1,0,0,0,0,0,0,1,0,0,2,0.0,20,17:08,3,3,0,0,
133,Michael Stone\stonemi01,D,CGY,,NJD,W,boxscore,0,1,1,0,0,0,0,0,0,1,0,0,2,0.0,22,13:49,4,0,0,0,
134,Brady Tkachuk\tkachbr01,LW,OTT,,LAK,W,boxscore,0,1,1,0,0,0,0,0,0,1,0,0,1,0.0,26,16:23,5,0,0,2,0.0
135,Jakub Voracek\voracja01,RW,PHI,,MTL,W,boxscore,0,1,1,0,0,0,0,0,0,1,0,0,5,0.0,27,20:10,1,0,0,0,
136,Pavel Zacha\zachapa01,C,NJD,@,CGY,L,boxscore,0,1,1,0,0,0,0,0,0,1,0,0,0,,25,16:11,0,0,2,4,33.3
137,Nikita Zaitsev\zaitsni01,D,OTT,,LAK,W,boxscore,0,1,1,0,0,0,0,0,0,1,0,0,1,0.0,30,26:38,1,1,0,0,
138,Alexander Edler\edleral01,D,VAN,@,CHI,L,boxscore,0,1,1,-1,2,0,0,0,0,1,0,0,1,0.0,32,27:15,2,2,0,0,
139,Rocco Grimaldi\grimaro01,C,NSH,@,COL,L,boxscore,0,1,1,-1,0,0,0,0,0,1,0,0,0,,19,14:03,1,1,0,0,
140,Taylor Hall\hallta02,LW,NJD,@,CGY,L,boxscore,0,1,1,-1,2,0,0,0,0,1,0,0,6,0.0,21,16:20,0,0,0,0,
141,Nazem Kadri\kadrina01,C,COL,,NSH,W,boxscore,0,1,1,-1,2,0,0,0,0,1,0,0,1,0.0,22,18:44,0,0,12,11,52.2
142,Anze Kopitar\kopitan01,C,LAK,@,OTT,L-OT,boxscore,0,1,1,-1,0,0,0,0,0,1,0,0,0,,25,24:33,1,0,5,10,33.3
143,Patrick Marleau\marlepa01,C,SJS,,MIN,W,boxscore,0,1,1,-1,0,0,0,0,0,1,0,0,2,0.0,21,15:51,0,2,0,0,
144,Jaccob Slavin\slavija01,D,CAR,,NYR,L,boxscore,0,1,1,-1,0,0,0,0,0,1,0,0,3,0.0,27,23:12,0,0,0,0,
145,Teuvo Teravainen\teravte01,F,CAR,,NYR,L,boxscore,0,1,1,-1,0,0,0,0,0,1,0,0,3,0.0,20,20:58,0,0,0,2,0.0
146,Mats Zuccarello\zuccama01,LW,MIN,@,SJS,L,boxscore,0,1,1,-1,0,0,0,0,0,1,0,0,0,,17,14:20,0,0,0,0,
147,Bo Horvat\horvabo01,C,VAN,@,CHI,L,boxscore,0,1,1,-2,0,0,0,0,0,0,1,0,5,0.0,23,20:41,3,0,16,7,69.6
148,Roman Josi\josiro01,D,NSH,@,COL,L,boxscore,0,1,1,-2,2,0,0,0,0,0,1,0,2,0.0,29,22:36,2,2,0,0,
149,Elias Pettersson\petteel01,C,VAN,@,CHI,L,boxscore,0,1,1,-2,2,0,0,0,0,0,1,0,2,0.0,23,17:43,1,1,0,0,
150,Jonathan Huberdeau\huberjo01,C,FLA,,WSH,L-OT,boxscore,0,1,1,-3,0,0,0,0,0,0,1,0,1,0.0,20,18:38,0,0,0,0,
151,Jordan Greenway\greenjo02,LW,MIN,@,SJS,L,boxscore,0,0,0,3,4,0,0,0,0,0,0,0,2,0.0,25,15:55,3,0,0,0,
152,Marc-Edouard Vlasic\vlasima01,D,SJS,,MIN,W,boxscore,0,0,0,3,0,0,0,0,0,0,0,0,3,0.0,30,22:26,1,4,0,0,
153,Thomas Chabot\chaboth01,D,OTT,,LAK,W,boxscore,0,0,0,2,0,0,0,0,0,0,0,0,3,0.0,29,27:13,1,0,0,0,
154,Calvin de Haan\dehaaca01,D,CHI,,VAN,W,boxscore,0,0,0,2,0,0,0,0,0,0,0,0,3,0.0,28,22:33,5,1,0,0,
155,Samuel Girard\girarsa01,D,COL,,NSH,W,boxscore,0,0,0,2,0,0,0,0,0,0,0,0,3,0.0,30,24:36,3,4,0,0,
156,Alec Martinez\martial01,D,LAK,@,OTT,L-OT,boxscore,0,0,0,2,0,0,0,0,0,0,0,0,1,0.0,28,24:16,2,5,0,0,
157,Brent Seabrook\seabrbr01,D,CHI,,VAN,W,boxscore,0,0,0,2,0,0,0,0,0,0,0,0,0,,25,17:51,0,1,0,0,
158,Joel Armia\armiajo01,RW,MTL,@,PHI,L-OT,boxscore,0,0,0,1,0,0,0,0,0,0,0,0,1,0.0,18,13:59,4,0,0,0,
159,Tyson Barrie\barrity01,D,TOR,,VEG,W,boxscore,0,0,0,1,0,0,0,0,0,0,0,0,1,0.0,20,19:49,1,2,0,0,
160,Pierre-Edouard Bellemare\bellepi01,LW,COL,,NSH,W,boxscore,0,0,0,1,0,0,0,0,0,0,0,0,1,0.0,20,14:22,1,1,8,5,61.5
161,Josh Brown\brownjo01,D,FLA,,WSH,L-OT,boxscore,0,0,0,1,0,0,0,0,0,0,0,0,0,,12,9:50,1,0,0,0,
162,Filip Chytil\chytifi01,C,NYR,@,CAR,W,boxscore,0,0,0,1,0,0,0,0,0,0,0,0,0,,21,17:36,0,0,1,4,20.0
163,Lawson Crouse\crousla01,LW,ARI,,CBJ,L,boxscore,0,0,0,1,0,0,0,0,0,0,0,0,0,,18,12:00,3,0,0,1,0.0
164,Max Domi\domima01,LW,MTL,@,PHI,L-OT,boxscore,0,0,0,1,0,0,0,0,0,0,0,0,1,0.0,20,15:43,0,0,4,8,33.3
165,Joel Edmundson\edmunjo01,D,CAR,,NYR,L,boxscore,0,0,0,1,0,0,0,0,0,0,0,0,3,0.0,19,16:35,0,1,0,0,
166,Joel Farabee\farabjo01,LW,PHI,,MTL,W,boxscore,0,0,0,1,0,0,0,0,0,0,0,0,1,0.0,26,19:05,0,3,0,0,
167,Christian Fischer\fischch01,RW,ARI,,CBJ,L,boxscore,0,0,0,1,0,0,0,0,0,0,0,0,2,0.0,15,10:25,2,0,0,0,
168,Nick Foligno\foligni01,LW,CBJ,@,ARI,W,boxscore,0,0,0,1,0,0,0,0,0,0,0,0,1,0.0,26,18:02,1,0,5,1,83.3
169,Brendan Gallagher\gallabr01,RW,MTL,@,PHI,L-OT,boxscore,0,0,0,1,0,0,0,0,0,0,0,0,3,0.0,19,14:08,2,0,1,0,100.0
170,Vladislav Gavrikov\gavrivl01,D,CBJ,@,ARI,W,boxscore,0,0,0,1,2,0,0,0,0,0,0,0,0,,25,21:23,0,2,0,0,
171,Alex Goligoski\goligal01,D,ARI,,CBJ,L,boxscore,0,0,0,1,2,0,0,0,0,0,0,0,1,0.0,27,27:34,1,2,0,0,
172,Barclay Goodrow\goodrba01,RW,SJS,,MIN,W,boxscore,0,0,0,1,0,0,0,0,0,0,0,0,1,0.0,20,12:51,1,1,2,1,66.7
173,Libor Hajek\hajekli01,D,NYR,@,CAR,W,boxscore,0,0,0,1,0,0,0,0,0,0,0,0,1,0.0,24,20:54,4,4,0,0,
174,Dan Hamhuis\hamhuda01,D,NSH,@,COL,L,boxscore,0,0,0,1,0,0,0,0,0,0,0,0,0,,25,17:11,1,2,0,0,
175,Mike Hoffman\hoffmmi02,C/LW,FLA,,WSH,L-OT,boxscore,0,0,0,1,0,0,0,0,0,0,0,0,1,0.0,18,16:05,0,1,0,0,
176,Nick Holden\holdeni01,D,VEG,@,TOR,L-OT,boxscore,0,0,0,1,2,0,0,0,0,0,0,0,0,,22,18:47,0,2,0,0,
177,Alex Iafallo\iafalal01,C,LAK,@,OTT,L-OT,boxscore,0,0,0,1,0,0,0,0,0,0,0,0,1,0.0,24,17:57,2,0,0,1,0.0
178,Kaapo Kakko\kakkoka01,RW,NYR,@,CAR,W,boxscore,0,0,0,1,0,0,0,0,0,0,0,0,4,0.0,18,13:53,0,0,0,0,
179,Chris Kreider\kreidch01,LW,NYR,@,CAR,W,boxscore,0,0,0,1,0,0,0,0,0,0,0,0,2,0.0,21,17:40,0,1,2,3,40.0
180,Josh Leivo\leivojo01,LW,VAN,@,CHI,L,boxscore,0,0,0,1,0,0,0,0,0,0,0,0,2,0.0,22,14:08,1,1,0,0,
181,Denis Malgin\malgide01,C,FLA,,WSH,L-OT,boxscore,0,0,0,1,0,0,0,0,0,0,0,0,4,0.0,21,14:49,0,1,4,8,33.3
182,Mike Matheson\mathemi01,D,FLA,,WSH,L-OT,boxscore,0,0,0,1,0,0,0,0,0,0,0,0,0,,24,23:01,0,2,0,0,
183,Jonathon Merrill\merrijo01,D,VEG,@,TOR,L-OT,boxscore,0,0,0,1,0,0,0,0,0,0,0,0,0,,22,18:40,0,2,0,0,
184,Aaron Ness\nessaa01,D,ARI,,CBJ,L,boxscore,0,0,0,1,0,0,0,0,0,0,0,0,0,,14,9:51,1,1,0,0,
185,T.J. Oshie\oshietj01,C/RW,WSH,@,FLA,W,boxscore,0,0,0,1,0,0,0,0,0,0,0,0,3,0.0,22,20:06,2,0,1,3,25.0
186,Mark Pysyk\pysykma01,D,FLA,,WSH,L-OT,boxscore,0,0,0,1,0,0,0,0,0,0,0,0,0,,16,11:51,0,0,0,1,0.0
187,Wayne Simmonds\simmowa01,RW,NJD,@,CGY,L,boxscore,0,0,0,1,2,0,0,0,0,0,0,0,2,0.0,18,14:45,2,0,1,0,100.0
188,Marc Staal\staalma01,D,NYR,@,CAR,W,boxscore,0,0,0,1,2,0,0,0,0,0,0,0,0,,24,16:56,0,1,0,0,
189,Paul Stastny\stastpa01,C,VEG,@,TOR,L-OT,boxscore,0,0,0,1,4,0,0,0,0,0,0,0,2,0.0,22,19:20,2,0,8,6,57.1
190,Troy Stecher\stechtr01,D,VAN,@,CHI,L,boxscore,0,0,0,1,0,0,0,0,0,0,0,0,5,0.0,24,15:53,2,2,0,0,
191,Mark Stone\stonema01,RW,VEG,@,TOR,L-OT,boxscore,0,0,0,1,0,0,0,0,0,0,0,0,4,0.0,22,22:55,2,1,0,0,
192,Ryan Suter\suterry01,D,MIN,@,SJS,L,boxscore,0,0,0,1,0,0,0,0,0,0,0,0,0,,27,27:01,0,0,0,0,
193,Matthew Tkachuk\tkachma01,LW,CGY,,NJD,W,boxscore,0,0,0,1,0,0,0,0,0,0,0,0,2,0.0,20,17:55,0,0,0,0,
194,Jonathan Toews\toewsjo01,C,CHI,,VAN,W,boxscore,0,0,0,1,2,0,0,0,0,0,0,0,6,0.0,24,18:06,0,0,7,10,41.2
195,Jacob Trouba\troubja01,D,NYR,@,CAR,W,boxscore,0,0,0,1,0,0,0,0,0,0,0,0,1,0.0,27,23:55,2,4,0,0,
196,Trevor van Riemsdyk\vanritr01,D,CAR,,NYR,L,boxscore,0,0,0,1,0,0,0,0,0,0,0,0,0,,18,14:36,0,1,0,0,
197,Zach Werenski\werenza01,D,CBJ,@,ARI,W,boxscore,0,0,0,1,0,0,0,0,0,0,0,0,0,,27,24:01,1,2,0,0,
198,Keith Yandle\yandlke01,D,FLA,,WSH,L-OT,boxscore,0,0,0,1,2,0,0,0,0,0,0,0,2,0.0,18,16:54,0,0,0,0,
199,Josh Anderson\anderjo05,RW,CBJ,@,ARI,W,boxscore,0,0,0,0,0,0,0,0,0,0,0,0,4,0.0,21,18:05,6,0,0,0,
200,Josh Bailey\bailejo01,C,NYI,,PIT,L-OT,boxscore,0,0,0,0,0,0,0,0,0,0,0,0,1,0.0,25,21:02,2,1,1,2,33.3
201,Mark Barberio\barbema01,D,COL,,NSH,W,boxscore,0,0,0,0,4,0,0,0,0,0,0,0,1,0.0,26,16:31,0,1,0,0,
202,J.C. Beaudin\beaudje01,C,OTT,,LAK,W,boxscore,0,0,0,0,0,0,0,0,0,0,0,0,0,,11,4:20,2,0,4,3,57.1
203,Jordie Benn\bennjo01,D,VAN,@,CHI,L,boxscore,0,0,0,0,0,0,0,0,0,0,0,0,1,0.0,27,19:46,1,0,0,0,
204,Nick Bjugstad\bjugsni01,C,PIT,@,NYI,W,boxscore,0,0,0,0,0,0,0,0,0,0,0,0,1,0.0,21,14:39,1,0,7,3,70.0
205,Jesper Boqvist\boqvije01,C,NJD,@,CGY,L,boxscore,0,0,0,0,0,0,0,0,0,0,0,0,0,,15,12:12,2,0,0,0,
206,Mark Borowiecki\borowma01,D,OTT,,LAK,W,boxscore,0,0,0,0,0,0,0,0,0,0,0,0,1,0.0,25,18:49,3,1,0,0,
207,Travis Boyd\boydtr01,C,WSH,@,FLA,W,boxscore,0,0,0,0,0,0,0,0,0,0,0,0,0,,10,7:24,0,0,1,0,100.0
208,Erik Brannstrom\branner01,D,OTT,,LAK,W,boxscore,0,0,0,0,0,0,0,0,0,0,0,0,0,,18,9:51,0,0,0,0,
209,Jonas Brodin\brodijo01,D,MIN,@,SJS,L,boxscore,0,0,0,0,0,0,0,0,0,0,0,0,0,,27,21:14,1,1,0,0,
210,William Carrier\carriwi01,LW,VEG,@,TOR,L-OT,boxscore,0,0,0,0,2,0,0,0,0,0,0,0,3,0.0,11,4:28,0,0,0,0,
211,Jeff Carter\carteje01,C,LAK,@,OTT,L-OT,boxscore,0,0,0,0,0,0,0,0,0,0,0,0,4,0.0,24,21:16,2,0,3,4,42.9
212,Kyle Clifford\cliffky01,LW,LAK,@,OTT,L-OT,boxscore,0,0,0,0,0,0,0,0,0,0,0,0,1,0.0,16,10:22,2,0,0,0,
213,Blake Coleman\colembl01,C,NJD,@,CGY,L,boxscore,0,0,0,0,2,0,0,0,0,0,0,0,1,0.0,20,14:26,3,1,1,3,25.0
214,Kirby Dach\dachki01,C,CHI,,VAN,W,boxscore,0,0,0,0,0,0,0,0,0,0,0,0,0,,13,9:02,1,0,1,2,33.3
215,Jonathan Davidsson\davidjo03,RW,OTT,,LAK,W,boxscore,0,0,0,0,0,0,0,0,0,0,0,0,2,0.0,12,4:56,0,0,0,0,
216,Dylan DeMelo\demeldy01,D,OTT,,LAK,W,boxscore,0,0,0,0,0,0,0,0,0,0,0,0,2,0.0,28,21:08,3,0,0,0,
217,Travis Dermott\dermotr01,D,TOR,,VEG,W,boxscore,0,0,0,0,0,0,0,0,0,0,0,0,0,,12,8:45,0,0,0,0,
218,Cody Eakin\eakinco01,C,VEG,@,TOR,L-OT,boxscore,0,0,0,0,0,0,0,0,0,0,0,0,1,0.0,18,15:09,0,0,6,12,33.3
219,Kevin Fiala\fialake01,LW,MIN,@,SJS,L,boxscore,0,0,0,0,0,0,0,0,0,0,0,0,2,0.0,17,13:43,1,0,0,0,
220,Cale Fleury\fleurca01,D,MTL,@,PHI,L-OT,boxscore,0,0,0,0,0,0,0,0,0,0,0,0,0,,21,13:41,3,3,0,0,
221,Warren Foegele\foegewa01,LW,CAR,,NYR,L,boxscore,0,0,0,0,0,0,0,0,0,0,0,0,3,0.0,17,14:59,1,0,0,0,
222,Marcus Foligno\foligma01,LW,MIN,@,SJS,L,boxscore,0,0,0,0,0,0,0,0,0,0,0,0,0,,6,4:15,3,0,0,0,
223,Dylan Gambrell\gambrdy01,C,SJS,,MIN,W,boxscore,0,0,0,0,7,0,0,0,0,0,0,0,0,,12,8:35,0,0,3,3,50.0
224,Conor Garland\garlaco01,RW,ARI,,CBJ,L,boxscore,0,0,0,0,0,0,0,0,0,0,0,0,3,0.0,16,13:25,0,0,0,0,
225,Frederik Gauthier\gauthfr01,C,TOR,,VEG,W,boxscore,0,0,0,0,0,0,0,0,0,0,0,0,0,,18,11:11,1,0,5,3,62.5
226,Brian Gibbons\gibbobr02,C,CAR,,NYR,L,boxscore,0,0,0,0,0,0,0,0,0,0,0,0,0,,13,9:18,1,0,0,0,
227,Mark Giordano\giordma01,D,CGY,,NJD,W,boxscore,0,0,0,0,0,0,0,0,0,0,0,0,2,0.0,29,24:28,0,3,0,0,
228,Cody Glass\glassco01,C,VEG,@,TOR,L-OT,boxscore,0,0,0,0,0,0,0,0,0,0,0,0,3,0.0,16,14:34,1,0,0,1,0.0
229,Shayne Gostisbehere\gostish01,D,PHI,,MTL,W,boxscore,0,0,0,0,0,0,0,0,0,0,0,0,2,0.0,26,21:53,1,1,0,0,
230,Andy Greene\greenan01,D,NJD,@,CGY,L,boxscore,0,0,0,0,0,0,0,0,0,0,0,0,1,0.0,26,21:37,0,2,0,0,
231,Nicolas Hague\hagueni01,D,VEG,@,TOR,L-OT,boxscore,0,0,0,0,2,0,0,0,0,0,0,0,2,0.0,17,10:31,0,2,0,0,
232,Travis Hamonic\hamontr01,D,CGY,,NJD,W,boxscore,0,0,0,0,0,0,0,0,0,0,0,0,1,0.0,24,17:59,0,1,0,0,
233,Kevin Hayes\hayeske01,RW,PHI,,MTL,W,boxscore,0,0,0,0,0,0,0,0,0,0,0,0,6,0.0,22,14:48,1,0,7,6,53.8
234,Nico Hischier\hischni01,C,NJD,@,CGY,L,boxscore,0,0,0,0,0,0,0,0,0,0,0,0,0,,20,14:38,0,0,9,6,60.0
235,Justin Holl\hollju01,D,TOR,,VEG,W,boxscore,0,0,0,0,2,0,0,0,0,0,0,0,0,,20,13:42,1,0,0,0,
236,Brett Howden\howdebr01,C,NYR,@,CAR,W,boxscore,0,0,0,0,0,0,0,0,0,0,0,0,0,,23,17:36,0,0,6,7,46.2
237,Dryden Hunt\huntdr01,LW,FLA,,WSH,L-OT,boxscore,0,0,0,0,2,0,0,0,0,0,0,0,3,0.0,14,11:59,0,0,0,0,
238,Ben Hutton\huttobe01,D,LAK,@,OTT,L-OT,boxscore,0,0,0,0,0,0,0,0,0,0,0,0,3,0.0,20,15:49,1,0,0,0,
239,Boone Jenner\jennebo01,C,CBJ,@,ARI,W,boxscore,0,0,0,0,0,0,0,0,0,0,0,0,3,0.0,23,18:35,4,1,5,9,35.7
240,Nick Jensen\jenseni02,D,WSH,@,FLA,W,boxscore,0,0,0,0,0,0,0,0,0,0,0,0,0,,21,17:21,0,0,0,0,
241,Jack Johnson\johnsja02,D,PIT,@,NYI,W,boxscore,0,0,0,0,0,0,0,0,0,0,0,0,3,0.0,22,15:43,1,1,0,0,
242,Dominik Kahun\kahundo01,C,PIT,@,NYI,W,boxscore,0,0,0,0,0,0,0,0,0,0,0,0,2,0.0,20,13:07,0,0,1,1,50.0
243,Kasperi Kapanen\kapanka01,RW,TOR,,VEG,W,boxscore,0,0,0,0,0,0,0,0,0,0,0,0,2,0.0,23,16:40,1,0,0,0,
244,Clayton Keller\kellecl01,C,ARI,,CBJ,L,boxscore,0,0,0,0,2,0,0,0,0,0,0,0,1,0.0,22,18:36,2,0,1,0,100.0
245,Adrian Kempe\kempead01,LW,LAK,@,OTT,L-OT,boxscore,0,0,0,0,0,0,0,0,0,0,0,0,1,0.0,22,16:41,1,0,5,4,55.6
246,Alexander Kerfoot\kerfoal01,C,TOR,,VEG,W,boxscore,0,0,0,0,0,0,0,0,0,0,0,0,4,0.0,17,13:20,0,1,6,5,54.5
247,Mikko Koivu\koivumi01,C,MIN,@,SJS,L,boxscore,0,0,0,0,0,0,0,0,0,0,0,0,2,0.0,24,18:57,0,0,7,9,43.8
248,Brendan Leipsic\leipsbr01,LW,WSH,@,FLA,W,boxscore,0,0,0,0,0,0,0,0,0,0,0,0,0,,11,9:04,0,0,0,0,
249,Trevor Lewis\lewistr01,C,LAK,@,OTT,L-OT,boxscore,0,0,0,0,0,0,0,0,0,0,0,0,1,0.0,3,2:21,0,0,0,0,
250,Blake Lizotte\lizotbl01,C,LAK,@,OTT,L-OT,boxscore,0,0,0,0,0,0,0,0,0,0,0,0,0,,19,11:25,0,0,8,4,66.7
251,Eetu Luostarinen\luostee01,C,CAR,,NYR,L,boxscore,0,0,0,0,0,0,0,0,0,0,0,0,2,0.0,12,9:21,1,0,4,3,57.1
252,Andrew Mangiapane\mangian01,LW,CGY,,NJD,W,boxscore,0,0,0,0,0,0,0,0,0,0,0,0,0,,17,12:38,0,1,0,0,
253,Scott Mayfield\mayfisc01,D,NYI,,PIT,L-OT,boxscore,0,0,0,0,0,0,0,0,0,0,0,0,1,0.0,25,16:59,1,0,0,0,
254,Brock McGinn\mcginbr01,LW,CAR,,NYR,L,boxscore,0,0,0,0,0,0,0,0,0,0,0,0,2,0.0,14,10:19,0,0,0,0,
255,Brayden McNabb\mcnabbr01,D,VEG,@,TOR,L-OT,boxscore,0,0,0,0,2,0,0,0,0,0,0,0,1,0.0,25,19:18,4,6,0,0,
256,Sonny Milano\milanso01,LW,CBJ,@,ARI,W,boxscore,0,0,0,0,0,0,0,0,0,0,0,0,2,0.0,14,11:12,0,0,0,0,
257,Trevor Moore\mooretr01,LW,TOR,,VEG,W,boxscore,0,0,0,0,2,0,0,0,0,0,0,0,3,0.0,20,12:14,1,0,0,0,
258,Tyler Myers\myersty01,D,VAN,@,CHI,L,boxscore,0,0,0,0,0,0,0,0,0,0,0,0,1,0.0,32,24:40,2,0,0,0,
259,Vladislav Namestnikov\namesvl01,C,OTT,,LAK,W,boxscore,0,0,0,0,0,0,0,0,0,0,0,0,4,0.0,24,18:23,1,0,0,1,0.0
260,Riley Nash\nashri02,C,CBJ,@,ARI,W,boxscore,0,0,0,0,0,0,0,0,0,0,0,0,0,,14,11:01,1,0,1,7,12.5
261,Valeri Nichushkin\nichuva01,RW,COL,,NSH,W,boxscore,0,0,0,0,0,0,0,0,0,0,0,0,1,0.0,17,14:02,1,1,0,0,
262,Nino Niederreiter\niedeni01,RW,CAR,,NYR,L,boxscore,0,0,0,0,0,0,0,0,0,0,0,0,4,0.0,20,17:44,1,0,0,0,
263,Matt Niskanen\niskama01,D,PHI,,MTL,W,boxscore,0,0,0,0,0,0,0,0,0,0,0,0,2,0.0,28,22:22,2,1,0,0,
264,Alexander Nylander\nylanal01,LW,CHI,,VAN,W,boxscore,0,0,0,0,0,0,0,0,0,0,0,0,1,0.0,17,15:02,0,0,0,1,0.0
265,William Nylander\nylanwi01,C,TOR,,VEG,W,boxscore,0,0,0,0,2,0,0,0,0,0,0,0,1,0.0,19,18:40,0,0,3,5,37.5
266,Zach Parise\parisza01,LW,MIN,@,SJS,L,boxscore,0,0,0,0,0,0,0,0,0,0,0,0,4,0.0,20,18:59,0,0,0,0,
267,Tanner Pearson\pearsta01,LW,VAN,@,CHI,L,boxscore,0,0,0,0,0,0,0,0,0,0,0,0,3,0.0,19,13:24,1,0,0,0,
268,Jeff Petry\petryje01,D,MTL,@,PHI,L-OT,boxscore,0,0,0,0,0,0,0,0,0,0,0,0,0,,30,28:46,4,0,0,0,
269,Brandon Pirri\pirribr01,C,VEG,@,TOR,L-OT,boxscore,0,0,0,0,0,0,0,0,0,0,0,0,3,0.0,13,12:05,1,0,1,1,50.0
270,Tyler Pitlick\pitlity01,C,PHI,,MTL,W,boxscore,0,0,0,0,0,0,0,0,0,0,0,0,1,0.0,12,7:48,2,0,0,0,
271,Michael Raffl\rafflmi01,LW,PHI,,MTL,W,boxscore,0,0,0,0,0,0,0,0,0,0,0,0,0,,14,9:27,0,0,0,0,
272,Ryan Reaves\reavery01,RW,VEG,@,TOR,L-OT,boxscore,0,0,0,0,0,0,0,0,0,0,0,0,1,0.0,11,5:47,3,0,0,0,
273,Mike Reilly\reillmi01,D,MTL,@,PHI,L-OT,boxscore,0,0,0,0,0,0,0,0,0,0,0,0,4,0.0,14,12:54,2,0,0,0,
274,Kevin Rooney\rooneke01,C,NJD,@,CGY,L,boxscore,0,0,0,0,0,0,0,0,0,0,0,0,1,0.0,17,13:41,3,0,5,6,45.5
275,Nicolas Roy\royni01,C,VEG,@,TOR,L-OT,boxscore,0,0,0,0,0,0,0,0,0,0,0,0,1,0.0,13,8:14,1,0,1,5,16.7
276,Travis Sanheim\sanhetr01,D,PHI,,MTL,W,boxscore,0,0,0,0,0,0,0,0,0,0,0,0,1,0.0,23,17:20,2,1,0,0,
277,David Savard\savarda01,D,CBJ,@,ARI,W,boxscore,0,0,0,0,0,0,0,0,0,0,0,0,3,0.0,26,21:49,0,4,0,0,
278,Colton Sceviour\scevico01,C/RW,FLA,,WSH,L-OT,boxscore,0,0,0,0,0,0,0,0,0,0,0,0,2,0.0,19,15:15,0,1,0,0,
279,Nick Schmaltz\schmani01,C,ARI,,CBJ,L,boxscore,0,0,0,0,0,0,0,0,0,0,0,0,1,0.0,21,17:53,0,0,0,3,0.0
280,Nate Schmidt\schmina01,D,VEG,@,TOR,L-OT,boxscore,0,0,0,0,0,0,0,0,0,0,0,0,3,0.0,34,26:59,1,3,0,0,
281,Nick Shore\shoreni01,C,TOR,,VEG,W,boxscore,0,0,0,0,0,0,0,0,0,0,0,0,0,,13,7:50,0,1,8,5,61.5
282,Reilly Smith\smithre01,RW,VEG,@,TOR,L-OT,boxscore,0,0,0,0,0,0,0,0,0,0,0,0,1,0.0,26,21:49,2,1,0,0,
283,Zack Smith\smithza01,C,CHI,,VAN,W,boxscore,0,0,0,0,0,0,0,0,0,0,0,0,2,0.0,15,11:57,3,0,0,1,0.0
284,Carson Soucy\soucyca01,D,MIN,@,SJS,L,boxscore,0,0,0,0,0,0,0,0,0,0,0,0,1,0.0,19,11:33,3,0,0,0,
285,Jared Spurgeon\spurgja01,D,MIN,@,SJS,L,boxscore,0,0,0,0,0,0,0,0,0,0,0,0,2,0.0,27,24:25,1,2,0,0,
286,Jordan Staal\staaljo01,C,CAR,,NYR,L,boxscore,0,0,0,0,0,0,0,0,0,0,0,0,1,0.0,23,17:58,2,1,12,7,63.2
287,Derek Stepan\stepade01,C,ARI,,CBJ,L,boxscore,0,0,0,0,0,0,0,0,0,0,0,0,5,0.0,24,17:24,0,0,10,8,55.6
288,Chandler Stephenson\stephch02,C,WSH,@,FLA,W,boxscore,0,0,0,0,0,0,0,0,0,0,0,0,0,,14,10:29,1,0,4,1,80.0
289,P.K. Subban\subbapk01,D,NJD,@,CGY,L,boxscore,0,0,0,0,0,0,0,0,0,0,0,0,2,0.0,29,22:24,1,0,0,0,
290,Brandon Sutter\suttebr03,C/RW,VAN,@,CHI,L,boxscore,0,0,0,0,0,0,0,0,0,0,0,0,3,0.0,24,14:20,1,0,8,6,57.1
291,Matt Tennyson\tennyma01,D,NJD,@,CGY,L,boxscore,0,0,0,0,0,0,0,0,0,0,0,0,0,,18,11:27,0,4,0,0,
292,Alexandre Texier\texieal01,C,CBJ,@,ARI,W,boxscore,0,0,0,0,2,0,0,0,0,0,0,0,2,0.0,16,13:02,1,0,0,0,
293,Chris Tierney\tiernch01,C,OTT,,LAK,W,boxscore,0,0,0,0,2,0,0,0,0,0,0,0,3,0.0,27,18:20,0,0,9,7,56.3
294,Dmytro Timashov\timasdm01,LW,TOR,,VEG,W,boxscore,0,0,0,0,2,0,0,0,0,0,0,0,0,,12,7:49,2,1,0,0,
295,Dominic Toninato\tonindo01,C,FLA,,WSH,L-OT,boxscore,0,0,0,0,0,0,0,0,0,0,0,0,3,0.0,13,11:12,0,0,4,0,100.0
296,Carsen Twarynski\twaryca01,F,PHI,,MTL,W,boxscore,0,0,0,0,0,0,0,0,0,0,0,0,2,0.0,22,13:48,5,0,0,0,
297,Sami Vatanen\vatansa01,D,NJD,@,CGY,L,boxscore,0,0,0,0,0,0,0,0,0,0,0,0,4,0.0,30,24:24,0,0,0,0,
298,Mikhail Vorobyev\vorobmi01,C,PHI,,MTL,W,boxscore,0,0,0,0,0,0,0,0,0,0,0,0,0,,11,7:34,0,0,1,2,33.3
299,Jakub Vrana\vranaja01,LW,WSH,@,FLA,W,boxscore,0,0,0,0,0,0,0,0,0,0,0,0,2,0.0,17,13:27,0,0,0,0,
300,Austin Wagner\wagneau01,LW,LAK,@,OTT,L-OT,boxscore,0,0,0,0,0,0,0,0,0,0,0,0,1,0.0,19,13:11,1,0,0,1,0.0
301,Sean Walker\walkese01,D,LAK,@,OTT,L-OT,boxscore,0,0,0,0,0,0,0,0,0,0,0,0,0,,22,17:46,1,1,0,0,
302,Yannick Weber\weberya01,D,NSH,@,COL,L,boxscore,0,0,0,0,0,0,0,0,0,0,0,0,0,,17,14:05,2,0,0,0,
303,Alexander Wennberg\wennbal01,C,CBJ,@,ARI,W,boxscore,0,0,0,0,0,0,0,0,0,0,0,0,1,0.0,24,19:08,0,0,10,5,66.7
304,Miles Wood\woodmi01,LW,NJD,@,CGY,L,boxscore,0,0,0,0,0,0,0,0,0,0,0,0,1,0.0,17,12:20,1,0,0,0,
305,Nikita Zadorov\zadorni01,D,COL,,NSH,W,boxscore,0,0,0,0,0,0,0,0,0,0,0,0,0,,8,7:13,1,0,0,0,
306,Travis Zajac\zajactr01,C,NJD,@,CGY,L,boxscore,0,0,0,0,0,0,0,0,0,0,0,0,0,,20,15:26,1,0,8,7,53.3
307,Michael Amadio\amadimi01,C,LAK,@,OTT,L-OT,boxscore,0,0,0,-1,0,0,0,0,0,0,0,0,0,,16,11:23,1,0,6,5,54.5
308,Lias Andersson\anderli01,C,NYR,@,CAR,W,boxscore,0,0,0,-1,2,0,0,0,0,0,0,0,1,0.0,15,9:57,0,0,3,3,50.0
309,Zach Aston-Reese\astonza01,C,PIT,@,NYI,W,boxscore,0,0,0,-1,0,0,0,0,0,0,0,0,2,0.0,18,11:53,3,1,0,0,
310,Cole Bardreau\bardrco01,F,NYI,,PIT,L-OT,boxscore,0,0,0,-1,2,0,0,0,0,0,0,0,0,,11,7:19,1,0,1,2,33.3
311,Jay Beagle\beaglja01,RW/C,VAN,@,CHI,L,boxscore,0,0,0,-1,0,0,0,0,0,0,0,0,0,,22,13:19,3,0,12,5,70.6
312,Teddy Blueger\bluegte01,C,PIT,@,NYI,W,boxscore,0,0,0,-1,0,0,0,0,0,0,0,0,0,,19,12:36,1,1,2,3,40.0
313,Adam Boqvist\boqviad01,D,CHI,,VAN,W,boxscore,0,0,0,-1,2,0,0,0,0,0,0,0,3,0.0,19,12:18,1,0,0,0,
314,Derick Brassard\brassde01,C,NYI,,PIT,L-OT,boxscore,0,0,0,-1,0,0,0,0,0,0,0,0,1,0.0,24,17:31,1,0,1,0,100.0
315,Justin Braun\braunju01,D,PHI,,MTL,W,boxscore,0,0,0,-1,0,0,0,0,0,0,0,0,2,0.0,19,13:31,6,3,0,0,
316,Connor Brown\brownco02,RW,OTT,,LAK,W,boxscore,0,0,0,-1,0,0,0,0,0,0,0,0,3,0.0,27,22:52,0,0,0,0,
317,Paul Byron\byronpa01,C/LW,MTL,@,PHI,L-OT,boxscore,0,0,0,-1,0,0,0,0,0,0,0,0,0,,28,17:45,1,0,0,0,
318,Drake Caggiula\caggidr01,LW,CHI,,VAN,W,boxscore,0,0,0,-1,2,0,0,0,0,0,0,0,2,0.0,13,9:54,2,0,0,0,
319,Cody Ceci\cecico01,D,TOR,,VEG,W,boxscore,0,0,0,-1,0,0,0,0,0,0,0,0,1,0.0,26,21:56,3,2,0,0,
320,Noah Dobson\dobsono01,D,NYI,,PIT,L-OT,boxscore,0,0,0,-1,0,0,0,0,0,0,0,0,0,,21,15:05,0,1,0,0,
321,Drew Doughty\doughdr01,D,LAK,@,OTT,L-OT,boxscore,0,0,0,-1,2,0,0,0,0,0,0,0,2,0.0,29,27:37,3,2,0,0,
322,Mathew Dumba\dumbama01,D,MIN,@,SJS,L,boxscore,0,0,0,-1,5,0,0,0,0,0,0,0,2,0.0,27,22:26,2,2,0,0,
323,Christian Dvorak\dvorach01,C,ARI,,CBJ,L,boxscore,0,0,0,-1,0,0,0,0,0,0,0,0,0,,22,16:01,1,0,8,4,66.7
324,Lars Eller\ellerla01,C,WSH,@,FLA,W,boxscore,0,0,0,-1,2,0,0,0,0,0,0,0,0,,24,17:20,0,0,4,9,30.8
325,Loui Eriksson\erikslo01,LW,VAN,@,CHI,L,boxscore,0,0,0,-1,0,0,0,0,0,0,0,0,3,0.0,14,7:31,0,0,0,0,
326,Mario Ferraro\ferrama01,D,SJS,,MIN,W,boxscore,0,0,0,-1,0,0,0,0,0,0,0,0,1,0.0,14,10:21,2,0,0,0,
327,Alex Galchenyuk\galchal01,C,PIT,@,NYI,W,boxscore,0,0,0,-1,0,0,0,0,0,0,0,0,2,0.0,21,14:44,0,0,0,0,
328,Radko Gudas\gudasra01,D,WSH,@,FLA,W,boxscore,0,0,0,-1,0,0,0,0,0,0,0,0,1,0.0,21,17:10,2,0,0,0,
329,Erik Gustafsson\gustaer02,D,CHI,,VAN,W,boxscore,0,0,0,-1,0,0,0,0,0,0,0,0,3,0.0,24,21:40,2,0,0,0,
330,Carl Hagelin\hagelca01,LW,WSH,@,FLA,W,boxscore,0,0,0,-1,0,0,0,0,0,0,0,0,4,0.0,18,14:13,0,1,0,0,
331,Ron Hainsey\hainsro01,D,OTT,,LAK,W,boxscore,0,0,0,-1,0,0,0,0,0,0,0,0,0,,27,16:40,0,1,0,0,
332,Scott Harrington\harrisc01,D,CBJ,@,ARI,W,boxscore,0,0,0,-1,2,0,0,0,0,0,0,0,0,,22,13:34,0,0,0,0,
333,Garnet Hathaway\hathaga01,RW,WSH,@,FLA,W,boxscore,0,0,0,-1,2,0,0,0,0,0,0,0,0,,16,12:19,0,2,0,0,
334,Barrett Hayton\haytoba01,C,ARI,,CBJ,L,boxscore,0,0,0,-1,2,0,0,0,0,0,0,0,1,0.0,12,7:24,0,0,0,0,
335,Mark Jankowski\jankoma01,C,CGY,,NJD,W,boxscore,0,0,0,-1,2,0,0,0,0,0,0,0,0,,17,8:22,0,0,5,3,62.5
336,Andreas Johnsson\johnsan01,LW,TOR,,VEG,W,boxscore,0,0,0,-1,0,0,0,0,0,0,0,0,4,0.0,20,19:44,2,1,0,0,
337,Ross Johnston\johnsro02,LW,NYI,,PIT,L-OT,boxscore,0,0,0,-1,0,0,0,0,0,0,0,0,0,,10,7:20,3,2,0,0,
338,William Karlsson\karlswi01,C,VEG,@,TOR,L-OT,boxscore,0,0,0,-1,0,0,0,0,0,0,0,0,2,0.0,28,21:51,3,1,13,6,68.4
339,Phil Kessel\kesseph01,RW,ARI,,CBJ,L,boxscore,0,0,0,-1,0,0,0,0,0,0,0,0,4,0.0,25,19:29,0,0,0,0,
340,Dean Kukan\kukande01,D,CBJ,@,ARI,W,boxscore,0,0,0,-1,0,0,0,0,0,0,0,0,1,0.0,18,11:38,1,0,0,0,
341,Artturi Lehkonen\lehkoar01,LW,MTL,@,PHI,L-OT,boxscore,0,0,0,-1,4,0,0,0,0,0,0,0,3,0.0,23,15:26,0,1,0,0,
342,Oskar Lindblom\lindbos01,LW,PHI,,MTL,W,boxscore,0,0,0,-1,0,0,0,0,0,0,0,0,3,0.0,26,18:55,0,0,3,3,50.0
343,Ryan Lindgren\lindgry01,D,NYR,@,CAR,W,boxscore,0,0,0,-1,0,0,0,0,0,0,0,0,0,,26,18:05,1,0,0,0,
344,Milan Lucic\lucicmi01,LW,CGY,,NJD,W,boxscore,0,0,0,-1,0,0,0,0,0,0,0,0,4,0.0,21,13:47,2,0,0,0,
345,Jonathan Marchessault\audymjo01,C,VEG,@,TOR,L-OT,boxscore,0,0,0,-1,0,0,0,0,0,0,0,0,2,0.0,22,18:24,3,0,0,2,0.0
346,Greg McKegg\mckeggr01,C,NYR,@,CAR,W,boxscore,0,0,0,-1,0,0,0,0,0,0,0,0,0,,15,10:30,0,0,0,0,
347,Victor Mete\metevi01,D,MTL,@,PHI,L-OT,boxscore,0,0,0,-1,0,0,0,0,0,0,0,0,0,,26,16:47,0,2,0,0,
348,Ilya Mikheyev\mikheil01,F,TOR,,VEG,W,boxscore,0,0,0,-1,0,0,0,0,0,0,0,0,1,0.0,24,14:42,1,0,0,0,
349,Jake Muzzin\muzzija01,D,TOR,,VEG,W,boxscore,0,0,0,-1,0,0,0,0,0,0,0,0,4,0.0,28,24:32,2,5,0,0,
350,Kyle Palmieri\palmiky01,RW,NJD,@,CGY,L,boxscore,0,0,0,-1,0,0,0,0,0,0,0,0,0,,21,14:46,1,0,0,0,
351,Brett Pesce\pescebr01,D,CAR,,NYR,L,boxscore,0,0,0,-1,2,0,0,0,0,0,0,0,4,0.0,24,19:40,0,1,0,0,
352,Marcus Pettersson\pettema01,D,PIT,@,NYI,W,boxscore,0,0,0,-1,0,0,0,0,0,0,0,0,2,0.0,27,22:19,1,1,0,0,
353,Ryan Poehling\poehlry01,C,MTL,@,PHI,L-OT,boxscore,0,0,0,-1,0,0,0,0,0,0,0,0,0,,13,9:38,1,0,1,3,25.0
354,Alan Quine\quineal01,C,CGY,,NJD,W,boxscore,0,0,0,-1,0,0,0,0,0,0,0,0,3,0.0,15,10:23,1,0,0,0,
355,Tobias Rieder\riedeto01,C,CGY,,NJD,W,boxscore,0,0,0,-1,0,0,0,0,0,0,0,0,2,0.0,20,10:56,0,0,0,0,
356,Tim Schaller\schalti01,LW,VAN,@,CHI,L,boxscore,0,0,0,-1,0,0,0,0,0,0,0,0,1,0.0,22,12:21,0,0,0,0,
357,Justin Schultz\schulju01,D,PIT,@,NYI,W,boxscore,0,0,0,-1,0,0,0,0,0,0,0,0,0,,30,25:20,0,2,0,0,
358,Jonas Siegenthaler\siegejo01,D,WSH,@,FLA,W,boxscore,0,0,0,-1,0,0,0,0,0,0,0,0,1,0.0,21,16:23,0,3,0,0,
359,Dominik Simon\simondo01,C,PIT,@,NYI,W,boxscore,0,0,0,-1,0,0,0,0,0,0,0,0,4,0.0,22,16:47,0,1,0,0,
360,Brendan Smith\smithbr05,D,NYR,@,CAR,W,boxscore,0,0,0,-1,0,0,0,0,0,0,0,0,2,0.0,16,11:22,1,0,0,0,
361,Andrei Svechnikov\svechan01,RW,CAR,,NYR,L,boxscore,0,0,0,-1,0,0,0,0,0,0,0,0,0,,20,18:53,3,0,0,0,
362,Brandon Tanev\tanevbr01,LW,PIT,@,NYI,W,boxscore,0,0,0,-1,0,0,0,0,0,0,0,0,0,,18,11:34,1,0,0,0,
363,Chris Tanev\tanevch01,D,VAN,@,CHI,L,boxscore,0,0,0,-1,0,0,0,0,0,0,0,0,2,0.0,11,7:21,0,0,0,0,
364,Tomas Tatar\tatarto01,C,MTL,@,PHI,L-OT,boxscore,0,0,0,-1,4,0,0,0,0,0,0,0,1,0.0,17,10:17,0,0,0,0,
365,Shea Theodore\theodsh01,D,VEG,@,TOR,L-OT,boxscore,0,0,0,-1,0,0,0,0,0,0,0,0,4,0.0,23,19:43,0,0,0,0,
366,Nate Thompson\thompna01,C,MTL,@,PHI,L-OT,boxscore,0,0,0,-1,0,0,0,0,0,0,0,0,0,,27,16:54,1,0,6,5,54.5
367,Devon Toews\toewsde01,D,NYI,,PIT,L-OT,boxscore,0,0,0,-1,0,0,0,0,0,0,0,0,1,0.0,26,20:34,1,2,0,0,
368,Kyle Turris\turriky01,C,NSH,@,COL,L,boxscore,0,0,0,-1,0,0,0,0,0,0,0,0,1,0.0,17,13:18,0,0,3,2,60.0
369,Oliver Wahlstrom\wahlsol01,RW,NYI,,PIT,L-OT,boxscore,0,0,0,-1,0,0,0,0,0,0,0,0,1,0.0,11,6:46,0,0,0,0,
370,Lucas Wallmark\wallmlu01,C,CAR,,NYR,L,boxscore,0,0,0,-1,0,0,0,0,0,0,0,0,5,0.0,19,15:35,1,0,6,2,75.0
371,Anthony Beauvillier\beauvan01,LW,NYI,,PIT,L-OT,boxscore,0,0,0,-2,0,0,0,0,0,0,0,0,2,0.0,27,18:23,0,0,0,0,
372,Lean Bergmann\bergmle01,F,SJS,,MIN,W,boxscore,0,0,0,-2,0,0,0,0,0,0,0,0,1,0.0,10,7:43,0,0,0,0,
373,Brock Boeser\boesebr01,RW,VAN,@,CHI,L,boxscore,0,0,0,-2,0,0,0,0,0,0,0,0,2,0.0,23,19:45,0,0,0,0,
374,Johnny Boychuk\boychjo01,D,NYI,,PIT,L-OT,boxscore,0,0,0,-2,0,0,0,0,0,0,0,0,0,,22,17:25,1,1,0,0,
375,Kyle Capobianco\capobky01,D,ARI,,CBJ,L,boxscore,0,0,0,-2,0,0,0,0,0,0,0,0,1,0.0,25,19:17,1,4,0,0,
376,Sidney Crosby\crosbsi01,C,PIT,@,NYI,W,boxscore,0,0,0,-2,0,0,0,0,0,0,0,0,3,0.0,27,21:24,0,0,6,8,42.9
377,Oliver Ekman-Larsson\ekmanol01,D,ARI,,CBJ,L,boxscore,0,0,0,-2,0,0,0,0,0,0,0,0,4,0.0,26,25:39,0,1,0,0,
378,Dante Fabbro\fabbrda01,D,NSH,@,COL,L,boxscore,0,0,0,-2,0,0,0,0,0,0,0,0,0,,21,16:23,0,0,0,0,
379,Jake Gardiner\gardija01,D,CAR,,NYR,L,boxscore,0,0,0,-2,2,0,0,0,0,0,0,0,1,0.0,23,19:12,2,0,0,0,
380,Mikael Granlund\granlmi01,C,NSH,@,COL,L,boxscore,0,0,0,-2,0,0,0,0,0,0,0,0,1,0.0,19,13:20,1,1,0,0,
381,Noah Gregor\gregono01,C,SJS,,MIN,W,boxscore,0,0,0,-2,0,0,0,0,0,0,0,0,0,,12,8:12,2,0,1,2,33.3
382,Jake Guentzel\guentja01,C,PIT,@,NYI,W,boxscore,0,0,0,-2,0,0,0,0,0,0,0,0,3,0.0,24,21:15,2,0,0,0,
383,Calle Jarnkrok\jarnkca01,C,NSH,@,COL,L,boxscore,0,0,0,-2,0,0,0,0,0,0,0,0,1,0.0,22,14:40,0,0,0,0,
384,Kevin Labanc\labanke01,RW,SJS,,MIN,W,boxscore,0,0,0,-2,0,0,0,0,0,0,0,0,1,0.0,19,13:41,0,0,0,0,
385,Kurtis MacDermid\macdeku01,D,LAK,@,OTT,L-OT,boxscore,0,0,0,-2,0,0,0,0,0,0,0,0,1,0.0,19,16:57,3,3,0,0,
386,Brock Nelson\nelsobr01,C,NYI,,PIT,L-OT,boxscore,0,0,0,-2,0,0,0,0,0,0,0,0,3,0.0,28,19:32,1,0,11,7,61.1
387,Damon Severson\severda01,D,NJD,@,CGY,L,boxscore,0,0,0,-2,0,0,0,0,0,0,0,0,1,0.0,29,21:48,1,2,0,0,
388,Nick Suzuki\suzukni01,C,MTL,@,PHI,L-OT,boxscore,0,0,0,-2,0,0,0,0,0,0,0,0,1,0.0,12,9:19,0,1,0,0,
389,Joe Thornton\thornjo01,C,SJS,,MIN,W,boxscore,0,0,0,-2,0,0,0,0,0,0,0,0,1,0.0,21,14:35,0,0,3,12,20.0
390,Austin Watson\watsoau01,LW,NSH,@,COL,L,boxscore,0,0,0,-2,2,0,0,0,0,0,0,0,0,,19,13:26,3,4,0,0,
391,MacKenzie Weegar\weegama01,D,FLA,,WSH,L-OT,boxscore,0,0,0,-2,0,0,0,0,0,0,0,0,3,0.0,26,19:22,1,0,0,0,
392,Aaron Ekblad\ekblaaa01,D,FLA,,WSH,L-OT,boxscore,0,0,0,-3,0,0,0,0,0,0,0,0,5,0.0,27,21:03,0,0,0,0,
393,Mattias Ekholm\ekholma01,D,NSH,@,COL,L,boxscore,0,0,0,-3,0,0,0,0,0,0,0,0,3,0.0,28,22:00,1,2,0,0,
394,Quinn Hughes\hughequ01,D,VAN,@,CHI,L,boxscore,0,0,0,-3,0,0,0,0,0,0,0,0,2,0.0,25,20:23,0,0,0,0,
395,Colton Sissons\sissoco01,C,NSH,@,COL,L,boxscore,0,0,0,-3,2,0,0,0,0,0,0,0,3,0.0,24,15:58,1,0,6,8,42.9
396,Brenden Dillon\dillobr01,D,SJS,,MIN,W,boxscore,0,0,0,-4,2,0,0,0,0,0,0,0,1,0.0,22,13:49,4,1,0,0,