,,,,,,Scoring,Scoring,Scoring,,,,,Special Teams,Special Teams,,Assists,Assists,Assists,Shot Data,Shot Data,Ice Time,Ice Time,,,,,
Rk,Player,Age,Tm,Pos,GP,G,A,PTS?,+/-,PIM,PS,EV,PP,SH,GW,EV,PP,SH,S,S%,TOI,ATOI,BLK,HIT,FOW,FOL,FO%
1,David Pastrnak\pastrda01,23,BOS,RW,15,15,15,30,7,8,4.4,6,9,0,2,11,4,0,52,28.8,278,18:32,6,9,1,4,20.0
2,Leon Draisaitl\draisle01,24,EDM,C,17,13,16,29,6,4,3.9,12,1,0,3,9,7,0,56,23.2,406,23:52,4,3,116,123,48.5
3,Brad Marchand\marchbr03,31,BOS,LW,15,10,18,28,13,28,3.9,8,2,0,3,11,7,0,41,24.4,293,19:33,2,9,9,4,69.2
4,John Carlson\carlsjo01,30,WSH,D,17,8,18,26,13,6,4.5,6,2,0,2,12,6,0,47,17.0,433,25:29,30,9,0,0,
5,Connor McDavid\mcdavco01,23,EDM,C,17,8,18,26,5,8,3.1,5,3,0,2,10,8,0,56,14.3,395,23:13,5,8,72,81,47.1
6,Nathan MacKinnon\mackina01,24,COL,C,16,9,13,22,-1,2,2.4,4,5,0,1,9,4,0,82,11.0,336,20:59,4,10,82,99,45.3
7,Alex Ovechkin\ovechal01,34,WSH,LW,17,13,9,22,-3,10,2.8,8,5,0,1,7,2,0,84,15.5,356,20:58,6,33,0,0,
8,Elias Pettersson\petteel01,21,VAN,C,16,6,15,21,4,2,2.3,4,2,0,1,7,8,0,38,15.8,295,18:25,7,10,18,24,42.9
9,Aleksander Barkov\barkoal01,24,FLA,C,15,3,16,19,-3,6,1.5,1,2,0,0,12,4,0,30,10.0,289,19:16,2,3,121,105,53.5
10,Jonathan Huberdeau\huberjo01,26,FLA,C,15,9,10,19,-3,8,2.1,9,0,0,2,5,5,0,38,23.7,275,18:18,4,7,19,31,38.0
11,Auston Matthews\matthau01,22,TOR,C,17,13,6,19,6,2,2.7,9,4,0,2,5,1,0,66,19.7,336,19:47,8,7,99,72,57.9
12,Mitch Marner\marnemi01,22,TOR,RW,17,4,14,18,-2,4,1.4,2,2,0,0,8,5,1,48,8.3,346,20:22,8,8,4,11,26.7
13,Mark Stone\stonema01,27,VEG,RW,17,8,10,18,-4,7,2.2,5,3,0,0,5,4,1,47,17.0,337,19:48,8,8,1,3,25.0
14,Matthew Tkachuk\tkachma01,22,CGY,LW,19,9,9,18,0,20,2.3,8,1,0,2,6,3,0,55,16.4,346,18:12,5,26,0,2,0.0
15,Sidney Crosby\crosbsi01,32,PIT,C,16,5,12,17,-1,7,1.6,4,1,0,0,10,2,0,45,11.1,334,20:51,5,13,177,133,57.1
16,Jack Eichel\eicheja01,23,BUF,C,15,7,10,17,-5,2,1.8,3,4,0,1,5,5,0,52,13.5,313,20:51,10,5,125,128,49.4
17,Johnny Gaudreau\gaudrjo01,26,CGY,LW,19,5,12,17,0,6,1.7,3,2,0,0,9,3,0,55,9.1,373,19:37,1,0,0,2,0.0
18,Dougie Hamilton\hamildo01,26,CAR,D,16,7,10,17,8,14,3.3,6,1,0,0,4,5,1,50,14.0,368,23:00,19,17,0,0,
19,Tomas Hertl\hertlto01,26,SJS,C,17,6,11,17,-10,8,1.5,3,2,1,1,7,4,0,38,15.8,328,19:17,8,13,146,120,54.9
20,Roman Josi\josiro01,29,NSH,D,16,5,12,17,5,19,2.5,2,3,0,0,5,7,0,52,9.6,387,24:12,21,11,0,0,
21,Elias Lindholm\lindhel01,25,CGY,C,19,10,7,17,4,10,2.4,6,4,0,2,5,2,0,46,21.7,376,19:48,16,11,91,110,45.3
22,J.T. Miller\millejt01,26,VAN,C,16,7,10,17,2,14,2.0,4,3,0,0,7,3,0,42,16.7,304,19:00,6,22,63,47,57.3
23,Ryan O'Reilly\oreilry01,28,STL,C,17,4,13,17,2,2,1.6,3,1,0,1,7,6,0,29,13.8,345,20:17,9,9,190,131,59.2
24,Patrice Bergeron\bergepa01,34,BOS,C,15,7,9,16,9,6,2.2,5,2,0,0,4,5,0,51,13.7,283,18:53,6,10,166,129,56.3
25,Brock Boeser\boesebr01,22,VAN,RW,16,7,9,16,4,8,1.9,4,3,0,1,5,4,0,47,14.9,304,18:58,2,3,0,5,0.0
26,Brent Burns\burnsbr01,34,SJS,D,17,3,13,16,-11,16,1.8,2,1,0,0,5,7,1,49,6.1,445,26:10,16,22,0,0,
27,Ryan Ellis\ellisry01,29,NSH,D,16,3,13,16,9,9,2.5,3,0,0,1,10,3,0,29,10.3,367,22:56,25,11,0,0,
28,Patrick Kane\kanepa01,31,CHI,RW,15,5,11,16,-5,8,1.4,4,1,0,2,7,4,0,46,10.9,316,21:04,1,10,0,1,0.0
29,William Karlsson\karlswi01,27,VEG,C,17,4,12,16,6,12,1.9,2,1,1,0,7,2,3,46,8.7,322,18:58,4,17,113,103,52.3
30,Travis Konecny\konectr01,22,PHI,C,15,7,9,16,-1,4,1.9,5,2,0,1,5,4,0,35,20.0,260,17:20,5,10,12,11,52.2
31,Sean Monahan\monahse01,25,CGY,C,19,4,12,16,-3,6,1.4,3,1,0,1,7,5,0,45,8.9,354,18:39,7,16,135,102,57.0
32,Artemi Panarin\panarar01,28,NYR,LW,14,8,8,16,3,6,2.0,5,3,0,0,6,2,0,39,20.5,283,20:15,1,2,0,0,
33,David Perron\perroda01,31,STL,LW,17,7,9,16,3,18,1.9,5,2,0,4,4,5,0,46,15.2,303,17:50,1,16,2,1,66.7
34,Morgan Rielly\riellmo01,25,TOR,D,17,3,13,16,4,14,2.2,3,0,0,2,8,5,0,40,7.5,434,25:32,20,8,0,1,0.0
35,Brayden Schenn\schenbr01,28,STL,C,17,10,6,16,1,8,2.1,6,4,0,0,3,3,0,33,30.3,309,18:12,4,22,100,117,46.1
36,Evander Kane\kaneev01,28,SJS,LW,14,10,5,15,-9,20,1.8,2,7,1,2,4,1,0,56,17.9,275,19:37,5,32,16,9,64.0
37,Anze Kopitar\kopitan01,32,LAK,C,16,4,11,15,0,6,1.4,2,1,1,1,7,4,0,37,10.8,325,20:17,11,9,140,116,54.7
38,Cale Makar\makarca01,21,COL,D,16,2,13,15,1,0,1.9,2,0,0,0,5,8,0,29,6.9,308,19:15,16,12,0,0,
39,Anthony Mantha\manthan01,25,DET,RW,17,9,6,15,-8,12,1.5,5,4,0,2,6,0,0,65,13.8,323,19:00,6,17,9,8,52.9
40,Mark Scheifele\scheima01,26,WPG,C,16,5,10,15,-6,2,1.2,3,2,0,1,8,2,0,33,15.2,357,22:19,6,8,144,156,48.0
41,Andrei Svechnikov\svechan01,19,CAR,RW,16,6,9,15,3,14,1.8,4,2,0,2,5,4,0,45,13.3,260,16:15,3,21,0,1,0.0
42,Tyler Bertuzzi\bertuty01,24,DET,LW,17,6,8,14,-5,6,1.3,6,0,0,0,6,2,0,35,17.1,333,19:36,3,13,1,0,100.0
43,Logan Couture\coutulo01,30,SJS,C,17,2,12,14,-5,16,1.0,2,0,0,0,4,7,1,39,5.1,315,18:31,11,8,80,102,44.0
44,Matt Duchene\duchema01,29,NSH,C,15,5,9,14,-2,8,1.3,2,3,0,0,7,2,0,35,14.3,253,16:51,5,5,86,79,52.1
45,Nikolaj Ehlers\ehlerni01,23,WPG,LW,16,7,7,14,-1,4,1.6,5,2,0,2,7,0,0,53,13.2,282,17:39,7,3,0,2,0.0
46,Taylor Hall\hallta02,28,NJD,LW,14,2,12,14,-4,10,0.9,2,0,0,0,7,5,0,48,4.2,277,19:46,3,9,3,10,23.1
47,Bo Horvat\horvabo01,24,VAN,C,16,6,8,14,-6,2,1.3,1,5,0,0,5,3,0,48,12.5,306,19:08,10,5,172,111,60.8
48,Evgeny Kuznetsov\kuzneev01,27,WSH,C,14,5,9,14,7,10,1.7,4,1,0,0,6,3,0,35,14.3,238,17:00,3,1,70,74,48.6
49,Patrik Laine\lainepa01,21,WPG,RW,14,3,11,14,1,2,1.3,3,0,0,0,7,4,0,47,6.4,269,19:13,5,25,0,3,0.0
50,Max Pacioretty\pacioma01,31,VEG,LW,17,4,10,14,-3,13,1.4,2,2,0,0,5,5,0,68,5.9,303,17:50,10,19,5,3,62.5
51,Alex Pietrangelo\pietral01,30,STL,D,17,6,8,14,1,2,2.4,3,3,0,2,4,3,1,46,13.0,403,23:41,20,6,0,0,
52,Nick Schmaltz\schmani01,23,ARI,C,16,4,10,14,8,2,1.8,3,1,0,2,8,2,0,22,18.2,245,15:18,7,4,36,61,37.1
53,Jaden Schwartz\schwaja01,27,STL,C,17,3,11,14,-1,6,1.1,2,1,0,1,7,4,0,34,8.8,303,17:49,8,5,4,6,40.0
54,Eric Staal\staaler01,35,MIN,C,16,6,8,14,-9,6,1.3,5,1,0,3,6,2,0,32,18.8,262,16:24,3,12,104,97,51.7
55,Ryan Strome\stromry01,26,NYR,C,14,5,9,14,6,12,1.7,4,1,0,2,6,3,0,23,21.7,252,18:02,4,9,98,100,49.5
56,Jakub Vrana\vranaja01,23,WSH,LW,17,9,5,14,3,4,2.0,9,0,0,2,2,3,0,48,18.8,235,13:49,4,2,2,4,33.3
57,Tom Wilson\wilsoto01,25,WSH,RW,17,7,7,14,6,16,1.8,5,1,1,3,5,2,0,36,19.4,298,17:33,18,40,8,7,53.3
58,Nicklas Backstrom\backsni02,32,WSH,C,17,2,11,13,-3,2,0.8,2,0,0,0,5,6,0,38,5.3,337,19:51,10,6,138,152,47.6
59,Nick Bonino\boninni01,31,NSH,C,16,8,5,13,9,4,1.9,7,1,0,1,5,0,0,32,25.0,262,16:21,16,1,89,76,53.9
60,Evgenii Dadonov\dadonev01,30,FLA,RW,15,7,6,13,-2,0,1.4,4,3,0,0,5,1,0,37,18.9,251,16:42,6,5,0,0,
61,Jonathan Drouin\drouijo01,24,MTL,LW,16,7,6,13,3,6,1.7,6,1,0,1,5,1,0,38,18.4,261,16:19,3,14,4,7,36.4
62,Brendan Gallagher\gallabr01,27,MTL,RW,16,7,6,13,4,0,1.7,7,0,0,0,6,0,0,60,11.7,269,16:47,13,11,3,3,50.0
63,Jake Guentzel\guentja01,25,PIT,C,16,7,6,13,-1,2,1.4,5,2,0,1,6,0,0,52,13.5,339,21:13,5,16,0,3,0.0
64,Ryan Johansen\johanry01,27,NSH,C,16,2,11,13,-1,14,0.9,1,1,0,0,6,5,0,24,8.3,284,17:47,3,12,115,120,48.9
65,James Neal\nealja01,32,EDM,LW,17,11,2,13,-9,8,1.7,3,8,0,2,2,0,0,47,23.4,292,17:09,3,17,2,9,18.2
66,Jakob Silfverberg\silfvja01,29,ANA,LW,17,7,6,13,8,8,1.8,5,0,2,1,6,0,0,35,20.0,310,18:16,8,9,3,16,15.8
67,Reilly Smith\smithre01,28,VEG,RW,17,9,4,13,5,2,2.1,7,0,2,2,2,1,1,43,20.9,312,18:21,9,12,1,4,20.0
68,Steven Stamkos\stamkst01,29,TBL,C,13,5,8,13,-4,2,1.1,2,3,0,2,7,1,0,39,12.8,249,19:09,6,10,87,56,60.8
69,Tomas Tatar\tatarto01,29,MTL,C,16,5,8,13,3,20,1.5,3,2,0,0,6,2,0,43,11.6,259,16:12,2,9,2,4,33.3
70,Teuvo Teravainen\teravte01,25,CAR,F,16,4,9,13,2,2,1.3,3,1,0,0,2,6,1,40,10.0,311,19:26,7,1,5,6,45.5
71,Viktor Arvidsson\arvidvi01,26,NSH,LW,16,6,6,12,1,2,1.3,4,2,0,0,4,2,0,37,16.2,282,17:36,6,8,0,0,
72,Josh Bailey\bailejo01,30,NYI,C,15,6,6,12,0,0,1.4,5,1,0,1,4,2,0,17,35.3,268,17:51,10,7,20,18,52.6
73,Mathew Barzal\barzama01,22,NYI,C,15,6,6,12,10,4,1.7,5,1,0,1,6,0,0,34,17.6,286,19:04,11,1,50,74,40.3
74,Connor Brown\brownco02,26,OTT,RW,15,2,10,12,4,8,1.0,2,0,0,0,9,1,0,30,6.7,308,20:33,11,2,4,7,36.4
75,Pavel Buchnevich\buchnpa01,24,NYR,LW,14,3,9,12,4,6,1.2,2,1,0,1,6,3,0,22,13.6,237,16:54,5,12,0,6,0.0
76,Andre Burakovsky\burakan01,24,COL,LW,16,5,7,12,0,8,1.2,5,0,0,3,3,4,0,32,15.6,238,14:53,7,4,0,3,0.0
77,Anthony DeAngelo\deangan01,24,NYR,D,14,5,7,12,-5,13,1.5,3,2,0,0,4,3,0,30,16.7,247,17:40,6,5,0,0,
78,Filip Forsberg\forsbfi01,25,NSH,C,10,7,5,12,-1,2,1.5,6,1,0,0,3,2,0,40,17.5,175,17:29,1,16,0,1,0.0
79,Mark Giordano\giordma01,36,CGY,D,19,4,8,12,-1,10,2.2,3,1,0,0,5,3,0,49,8.2,463,24:23,32,13,0,0,
80,Claude Giroux\giroucl01,32,PHI,C,15,4,8,12,8,8,1.5,3,1,0,1,4,4,0,52,7.7,291,19:23,4,11,167,99,62.8
81,Torey Krug\krugto01,28,BOS,D,15,2,10,12,-3,8,1.5,2,0,0,1,0,10,0,33,6.1,312,20:48,13,5,0,0,
82,Dylan Larkin\larkidy01,23,DET,C,17,4,8,12,-3,13,0.9,3,1,0,0,8,0,0,55,7.3,358,21:04,11,5,159,140,53.2
83,Kris Letang\letankr01,32,PIT,D,15,4,8,12,5,4,2.3,3,1,0,0,6,2,0,55,7.3,375,25:00,14,24,0,0,
84,Oskar Lindblom\lindbos01,23,PHI,LW,15,7,5,12,-3,0,1.4,5,2,0,0,4,1,0,34,20.6,255,16:58,0,14,6,6,50.0
85,T.J. Oshie\oshietj01,33,WSH,C,17,8,4,12,-1,4,1.4,4,4,0,1,4,0,0,29,27.6,327,19:15,13,18,23,33,41.1
86,Mikko Rantanen\rantami01,23,COL,RW,9,5,7,12,1,2,1.4,2,3,0,2,6,1,0,24,20.8,170,18:53,3,8,2,2,50.0
87,Jakub Voracek\voracja01,30,PHI,RW,15,4,8,12,-2,4,1.2,2,2,0,0,5,3,0,34,11.8,248,16:30,3,1,3,4,42.9
88,Sebastian Aho\ahose01,22,CAR,F,16,6,5,11,0,4,1.2,5,0,1,0,3,2,0,51,11.8,314,19:36,5,6,84,94,47.2
89,Brett Connolly\connobr01,27,FLA,RW,15,6,5,11,3,6,1.4,6,0,0,1,4,1,0,29,20.7,216,14:24,3,11,4,6,40.0
90,Kyle Connor\connoky01,23,WPG,LW,16,5,6,11,-7,4,0.9,3,2,0,2,5,1,0,61,8.2,322,20:09,3,6,0,3,0.0
91,Sean Couturier\coutuse01,27,PHI,C,15,5,6,11,-3,12,1.1,4,1,0,1,4,2,0,41,12.2,281,18:43,6,12,98,52,65.3
92,Rasmus Dahlin\dahlira01,19,BUF,D,15,1,10,11,-4,14,1.3,1,0,0,0,3,7,0,26,3.8,288,19:13,8,11,0,0,
93,Max Domi\domima01,24,MTL,LW,16,4,7,11,7,0,1.3,3,1,0,1,4,3,0,37,10.8,271,16:56,4,6,90,117,43.5
94,Joonas Donskoi\donskjo01,27,COL,RW,16,8,3,11,-2,6,1.3,5,3,0,0,3,0,0,29,27.6,264,16:30,8,2,3,7,30.0
95,Pierre-Luc Dubois\duboipi01,21,CBJ,LW,16,6,5,11,-5,15,1.2,6,0,0,1,2,3,0,37,16.2,295,18:25,12,21,63,73,46.3
96,Ryan Dzingel\dzingry01,27,CAR,C,16,3,8,11,4,6,1.2,2,1,0,1,7,1,0,26,11.5,244,15:15,5,5,8,4,66.7
97,Alexander Edler\edleral01,33,VAN,D,16,3,8,11,1,26,1.8,2,1,0,1,6,2,0,38,7.9,403,25:12,40,21,0,0,
98,Lars Eller\ellerla01,30,WSH,C,17,5,6,11,2,16,1.1,3,1,1,0,5,1,0,32,15.6,287,16:52,9,8,142,108,56.8
99,Ryan Getzlaf\getzlry01,34,ANA,C,17,7,4,11,2,12,1.4,5,2,0,4,4,0,0,45,15.6,307,18:05,17,21,124,100,55.4
100,Erik Haula\haulaer01,28,CAR,LW,14,8,3,11,2,4,1.6,5,3,0,1,1,2,0,32,25.0,234,16:41,4,5,111,100,52.6
101,Roope Hintz\hintzro01,23,DAL,LW,16,9,2,11,1,2,1.8,7,1,1,1,0,2,0,33,27.3,259,16:10,5,15,54,76,41.5
102,Quinn Hughes\hughequ01,20,VAN,D,15,2,9,11,-2,2,1.4,1,1,0,0,2,7,0,22,9.1,292,19:28,1,3,0,0,
103,Calle Jarnkrok\jarnkca01,28,NSH,C,16,5,6,11,2,0,1.2,2,1,2,1,5,1,0,36,13.9,243,15:13,3,9,6,6,50.0
104,Erik Karlsson\karlser01,29,SJS,D,16,1,10,11,-11,2,1.1,1,0,0,0,6,4,0,25,4.0,404,25:13,20,12,0,0,
105,Nikita Kucherov\kucheni01,26,TBL,RW,13,4,7,11,0,4,1.0,3,1,0,0,5,2,0,32,12.5,249,19:08,5,8,0,0,
106,Ilya Mikheyev\mikheil01,25,TOR,F,17,4,7,11,7,2,1.2,4,0,0,0,7,0,0,41,9.8,273,16:04,5,11,1,1,50.0
107,William Nylander\nylanwi01,23,TOR,C,17,4,7,11,3,4,1.0,3,1,0,0,5,2,0,38,10.5,300,17:37,2,2,51,42,54.8
108,Jean-Gabriel Pageau\pageaje01,27,OTT,C,15,7,4,11,15,9,1.9,5,0,2,2,4,0,0,37,18.9,265,17:41,17,18,121,124,49.4
109,Sam Reinhart\reinhsa01,24,BUF,C,15,5,6,11,-3,0,1.1,4,1,0,0,2,4,0,31,16.1,300,19:58,5,8,5,6,45.5
110,Tyler Seguin\seguity01,28,DAL,C,17,3,8,11,1,6,1.1,3,0,0,1,6,2,0,50,6.0,339,19:55,6,18,121,103,54.0
111,Colton Sissons\sissoco01,26,NSH,C,16,5,6,11,4,6,1.3,4,0,1,1,6,0,0,21,23.8,245,15:20,10,18,89,84,51.4
112,Jaccob Slavin\slavija01,25,CAR,D,16,2,9,11,7,2,2.1,2,0,0,1,9,0,0,36,5.6,356,22:15,24,9,0,0,
113,Shea Weber\webersh01,34,MTL,D,16,3,8,11,1,8,1.5,3,0,0,1,6,2,0,39,7.7,365,22:50,25,23,0,0,
114,Mika Zibanejad\zibanmi01,26,NYR,C,9,4,7,11,0,0,1.2,2,1,1,1,3,3,1,27,14.8,188,20:52,6,10,92,86,51.7
115,Joel Armia\armiajo01,26,MTL,RW,14,6,4,10,6,2,1.4,2,3,1,1,4,0,0,34,17.6,233,16:38,2,30,0,1,0.0
116,Dustin Brown\browndu01,35,LAK,RW,16,4,6,10,1,6,0.9,4,0,0,0,5,1,0,44,9.1,309,19:19,4,31,1,3,25.0
117,Matt Calvert\calvema01,30,COL,LW,16,4,6,10,5,12,1.2,3,0,1,0,6,0,0,28,14.3,221,13:48,3,17,4,2,66.7
118,Phillip Danault\danauph01,26,MTL,LW,16,5,5,10,4,4,1.1,5,0,0,0,5,0,0,23,21.7,283,17:42,6,21,135,143,48.6
119,Alex DeBrincat\debrial01,22,CHI,RW,15,5,5,10,0,0,1.1,2,3,0,0,5,0,0,42,11.9,265,17:38,8,9,3,4,42.9
120,Drew Doughty\doughdr01,30,LAK,D,16,4,6,10,-8,8,1.1,2,2,0,2,4,2,0,41,9.8,398,24:52,29,31,0,0,
121,Conor Garland\garlaco01,23,ARI,RW,16,7,3,10,8,6,1.7,7,0,0,1,1,2,0,41,17.1,206,12:53,5,4,0,0,
122,Alex Goligoski\goligal01,34,ARI,D,16,1,9,10,7,6,2.1,0,1,0,0,6,3,0,31,3.2,365,22:47,20,17,0,0,
123,Adam Henrique\henriad01,29,ANA,C,17,8,2,10,9,10,1.7,8,0,0,0,2,0,0,38,21.1,286,16:49,11,12,118,88,57.3
124,Mike Hoffman\hoffmmi02,30,FLA,C,15,6,4,10,-1,6,1.0,3,3,0,1,2,2,0,40,15.0,256,17:06,3,6,2,1,66.7
125,Patric Hornqvist\hornqpa01,33,PIT,RW,14,5,5,10,5,10,1.3,4,1,0,1,4,1,0,40,12.5,222,15:50,11,27,0,1,0.0
126,Andreas Johnsson\johnsan01,25,TOR,LW,17,4,6,10,4,12,1.0,2,2,0,1,5,1,0,41,9.8,290,17:05,7,13,0,1,0.0
127,Nazem Kadri\kadrina01,29,COL,C,16,5,5,10,-1,28,0.9,3,2,0,1,3,2,0,36,13.9,281,17:33,1,17,133,95,58.3
128,Kasperi Kapanen\kapanka01,23,TOR,RW,17,4,6,10,-1,4,0.8,2,0,2,0,5,1,0,22,18.2,285,16:47,4,21,0,6,0.0
129,Zack Kassian\kassiza01,29,EDM,RW,17,4,6,10,10,12,1.4,4,0,0,0,6,0,0,24,16.7,276,16:13,2,47,0,0,
130,Clayton Keller\kellecl01,21,ARI,C,16,2,8,10,0,4,0.8,2,0,0,0,5,3,0,39,5.1,279,17:26,2,5,5,3,62.5
131,Michal Kempny\kempnmi01,29,WSH,D,9,3,7,10,10,12,2.1,3,0,0,0,7,0,0,11,27.3,171,18:58,16,3,0,0,
132,Phil Kessel\kesseph01,32,ARI,RW,16,3,7,10,-4,8,0.7,1,2,0,0,5,2,0,44,6.8,286,17:51,3,3,1,3,25.0
133,Anders Lee\leean01,29,NYI,C,15,5,5,10,8,4,1.4,5,0,0,1,5,0,0,25,20.0,272,18:07,11,21,8,14,36.4
134,Jonathan Marchessault\audymjo01,29,VEG,C,17,3,7,10,-3,4,0.9,1,2,0,1,5,2,0,57,5.3,304,17:53,2,28,32,37,46.4
135,Josh Morrissey\morrijo04,24,WPG,D,14,1,9,10,-12,2,0.6,0,1,0,0,4,5,0,36,2.8,350,25:01,9,9,0,0,
136,Vladislav Namestnikov\namesvl01,27,TOT,C,15,5,5,10,-3,10,0.9,3,1,1,1,3,1,1,35,14.3,272,18:08,10,16,4,9,30.8
137,Martin Necas\necasma01,21,CAR,C,16,3,7,10,0,4,0.9,2,1,0,2,7,0,0,23,13.0,222,13:53,5,9,3,14,17.6
138,Brock Nelson\nelsobr01,28,NYI,C,15,4,6,10,-1,12,0.9,3,1,0,2,5,1,0,41,9.8,275,18:21,12,11,114,128,47.1
139,Gustav Nyquist\nyquigu01,30,CBJ,RW,16,3,7,10,-6,4,0.8,3,0,0,1,6,1,0,42,7.1,275,17:11,4,10,6,6,50.0
140,Victor Olofsson\olofsvi01,24,BUF,RW,15,6,4,10,-4,4,1.1,0,6,0,1,2,2,0,29,20.7,257,17:08,4,1,0,0,
141,Kyle Palmieri\palmiky01,28,NJD,RW,14,6,4,10,1,23,1.2,4,2,0,0,2,2,0,34,17.6,238,17:02,6,17,1,1,50.0
142,Jeff Petry\petryje01,32,MTL,D,16,2,8,10,5,4,1.6,0,2,0,0,6,2,0,42,4.8,388,24:13,14,36,0,0,
143,Brayden Point\pointbr01,23,TBL,C,10,4,6,10,0,5,1.0,4,0,0,0,5,1,0,23,17.4,184,18:24,3,4,59,65,47.6
144,Ivan Provorov\provoiv01,23,PHI,D,15,3,7,10,4,10,2.0,1,2,0,2,3,4,0,33,9.1,358,23:52,17,13,0,0,
145,Alexander Radulov\radulal01,33,DAL,RW,17,5,5,10,7,20,1.5,4,1,0,1,4,1,0,47,10.6,293,17:14,10,7,2,4,33.3
146,Rickard Rakell\rakelri01,26,ANA,RW,17,4,6,10,10,2,1.3,4,0,0,0,3,0,3,51,7.8,307,18:05,4,15,0,0,
147,Kevin Shattenkirk\shattke01,31,TBL,D,13,4,6,10,4,8,1.7,3,1,0,0,5,1,0,36,11.1,267,20:33,12,12,0,0,
148,Jeff Skinner\skinnje01,27,BUF,LW,15,7,3,10,-1,8,1.3,7,0,0,0,0,3,0,55,12.7,269,17:56,4,3,11,8,57.9
149,Dylan Strome\stromdy01,22,CHI,C,15,3,7,10,3,4,1.0,3,0,0,0,5,2,0,25,12.0,240,15:59,4,6,49,70,41.2
150,Vladimir Tarasenko\tarasvl01,28,STL,RW,10,3,7,10,-2,0,0.9,2,1,0,0,5,2,0,26,11.5,162,16:11,7,15,0,0,
151,Jason Zucker\zuckeja01,28,MIN,LW,16,5,5,10,-9,6,0.8,2,3,0,0,4,1,0,28,17.9,254,15:54,7,11,4,10,28.6
152,Thomas Chabot\chaboth01,23,OTT,D,15,1,8,9,-3,6,0.9,1,0,0,0,6,2,0,44,2.3,396,26:25,17,12,0,0,
153,Aaron Ekblad\ekblaaa01,23,FLA,D,14,1,8,9,2,6,1.3,1,0,0,0,7,0,1,37,2.7,342,24:28,12,8,0,0,
154,Mattias Ekholm\ekholma01,29,NSH,D,16,3,6,9,8,6,1.7,2,0,1,1,5,0,1,36,8.3,359,22:28,21,8,0,0,
155,Victor Hedman\hedmavi01,29,TBL,D,11,2,7,9,-2,13,1.0,1,1,0,1,5,2,0,14,14.3,238,21:39,17,12,0,0,
156,Miro Heiskanen\heiskmi01,20,DAL,D,17,4,5,9,7,2,2.6,4,0,0,0,5,0,0,36,11.1,424,24:55,27,3,0,0,
157,Jack Hughes\hugheja03,18,NJD,C,14,4,5,9,-7,2,0.6,1,3,0,1,4,1,0,28,14.3,221,15:49,3,3,62,86,41.9
158,Brad Hunt\huntbr01,31,MIN,D,16,5,4,9,2,0,1.9,3,2,0,0,0,4,0,26,19.2,250,15:36,9,1,0,0,
159,Marcus Johansson\johanma03,29,BUF,C,15,4,5,9,2,4,1.0,3,1,0,1,5,0,0,11,36.4,249,16:37,7,8,42,73,36.5
160,Tyler Johnson\johnsty01,29,TBL,C,13,4,5,9,2,0,0.9,4,0,0,1,3,2,0,24,16.7,204,15:41,3,17,29,39,42.6
161,Oscar Klefbom\klefbos01,26,EDM,D,17,1,8,9,-6,2,1.1,1,0,0,0,4,4,0,42,2.4,437,25:42,42,11,0,0,
162,Ilya Kovalchuk\kovalil01,36,LAK,LW,16,3,6,9,-10,12,0.4,2,1,0,0,4,2,0,32,9.4,248,15:29,7,9,0,3,0.0
163,Kevin Labanc\labanke01,24,SJS,RW,17,5,4,9,-14,10,0.5,4,1,0,2,3,1,0,39,12.8,279,16:23,2,6,0,3,0.0
164,Hampus Lindholm\lindhha01,26,ANA,D,15,0,9,9,3,12,1.4,0,0,0,0,6,1,2,20,0.0,327,21:49,17,5,0,0,
165,Denis Malgin\malgide01,23,FLA,C,13,3,6,9,3,4,0.9,2,1,0,0,5,0,1,26,11.5,179,13:48,7,5,23,50,31.5
166,Jared McCann\mccanja01,23,PIT,C,14,5,4,9,12,0,1.5,5,0,0,2,4,0,0,26,19.2,194,13:51,9,21,52,61,46.0
167,Jake Muzzin\muzzija01,30,TOR,D,16,3,6,9,4,8,1.5,3,0,0,0,5,0,1,31,9.7,353,22:02,24,24,0,0,
168,Ryan Nugent-Hopkins\nugenry01,26,EDM,C,17,1,8,9,-2,6,0.5,0,1,0,1,4,4,0,42,2.4,334,19:38,15,7,87,83,51.2
169,Ondrej Palat\palaton01,28,TBL,LW,13,5,4,9,6,8,1.1,4,1,0,1,3,1,0,30,16.7,219,16:52,10,22,1,2,33.3
170,Neal Pionk\pionkne01,24,WPG,D,16,2,7,9,7,4,2.0,2,0,0,0,5,2,0,29,6.9,372,23:13,12,31,0,0,
171,Derek Ryan\ryande01,33,CGY,C,19,3,6,9,5,4,1.0,3,0,0,0,5,1,0,27,11.1,267,14:02,12,3,77,93,45.3
172,Dominik Simon\simondo01,25,PIT,C,16,2,7,9,0,4,0.7,2,0,0,0,7,0,0,33,6.1,263,16:27,8,11,0,0,
173,Carl Soderberg\soderca01,34,ARI,C,16,5,4,9,3,8,1.1,3,2,0,0,3,1,0,27,18.5,263,16:25,3,20,85,89,48.9
174,Paul Stastny\stastpa01,34,VEG,C,17,5,4,9,-4,10,0.9,1,4,0,2,2,2,0,32,15.6,298,17:31,7,19,129,124,51.0
175,John Tavares\tavarjo01,29,TOR,C,10,4,5,9,0,2,0.9,4,0,0,1,2,3,0,20,20.0,180,18:01,3,3,77,71,52.0
176,Brady Tkachuk\tkachbr01,20,OTT,LW,15,4,5,9,0,17,0.8,4,0,0,0,5,0,0,55,7.3,272,18:09,7,46,23,33,41.1
177,Devon Toews\toewsde01,25,NYI,D,15,2,7,9,1,2,1.5,2,0,0,1,5,2,0,26,7.7,289,19:15,21,10,0,0,
178,MacKenzie Weegar\weegama01,26,FLA,D,15,3,6,9,-3,13,1.1,3,0,0,0,6,0,0,32,9.4,310,20:41,8,21,0,0,
179,Cam Atkinson\atkinca01,30,CBJ,RW,16,3,5,8,-5,4,0.5,1,2,0,1,3,2,0,62,4.8,302,18:53,9,10,22,19,53.7
180,Anthony Beauvillier\beauvan01,22,NYI,LW,15,2,6,8,4,4,0.7,1,0,1,0,5,1,0,27,7.4,257,17:06,6,11,3,1,75.0
181,Sammy Blais\blaissa01,23,STL,LW,15,5,3,8,3,6,1.0,5,0,0,1,3,0,0,21,23.8,203,13:31,6,35,0,0,
182,Tyler Bozak\bozakty01,33,STL,C,17,2,6,8,2,4,0.6,1,0,1,0,6,0,0,24,8.3,254,14:57,7,11,90,70,56.3
183,T.J. Brodie\broditj01,29,CGY,D,19,0,8,8,2,12,1.5,0,0,0,0,7,1,0,21,0.0,371,19:32,24,3,0,0,
184,J.T. Compher\comphj.01,24,COL,LW,13,2,6,8,5,2,0.8,2,0,0,0,4,1,1,21,9.5,216,16:37,4,11,42,66,38.9
185,Anthony Duclair\duclaan01,24,OTT,LW,15,6,2,8,2,10,1.1,6,0,0,0,1,1,0,46,13.0,241,16:04,8,17,1,1,50.0
186,Cam Fowler\fowleca01,28,ANA,D,17,3,5,8,3,2,1.6,3,0,0,2,3,2,0,32,9.4,354,20:48,18,7,0,0,
187,Rocco Grimaldi\grimaro01,26,NSH,C,13,1,7,8,6,2,0.8,1,0,0,0,7,0,0,17,5.9,151,11:36,3,2,0,1,0.0
188,Filip Hronek\hronefi01,22,DET,D,17,3,5,8,-4,4,1.2,2,1,0,0,4,1,0,37,8.1,384,22:35,21,16,0,0,
189,Seth Jones\jonesse01,25,CBJ,D,16,1,7,8,-4,8,1.2,1,0,0,0,6,1,0,36,2.8,398,24:53,29,13,0,0,
190,Alexander Kerfoot\kerfoal01,25,TOR,C,17,5,3,8,5,16,1.0,4,1,0,1,2,1,0,28,17.9,251,14:45,7,14,82,87,48.5
191,Josh Leivo\leivojo01,26,VAN,LW,16,2,6,8,6,4,0.8,2,0,0,0,5,1,0,35,5.7,241,15:03,3,7,6,3,66.7
192,Patrick Marleau\marlepa01,40,SJS,C,13,3,5,8,1,4,0.9,2,1,0,0,5,0,0,22,13.6,207,15:57,9,14,9,6,60.0
193,Timo Meier\meierti01,23,SJS,RW,17,4,4,8,-2,12,0.7,3,1,0,0,4,0,0,47,8.5,304,17:54,11,24,3,10,23.1
194,Matthew Nieto\nietoma01,27,COL,LW,16,4,4,8,3,2,0.9,3,0,1,0,4,0,0,25,16.0,215,13:25,4,7,1,1,50.0
195,Matt Niskanen\niskama01,33,PHI,D,15,2,6,8,4,11,1.7,1,1,0,0,2,4,0,26,7.7,320,21:22,15,22,0,0,
196,Darnell Nurse\nurseda01,24,EDM,D,17,2,6,8,0,12,1.5,2,0,0,0,5,1,0,32,6.3,394,23:12,30,29,0,0,
197,Colton Parayko\parayco01,26,STL,D,17,0,8,8,2,6,1.3,0,0,0,0,5,2,1,37,0.0,389,22:53,20,12,0,0,
198,Joe Pavelski\paveljo01,35,DAL,C,17,3,5,8,2,6,0.8,2,1,0,1,3,2,0,29,10.3,312,18:21,8,6,67,61,52.3
199,Nick Ritchie\ritchni01,24,ANA,LW,15,2,6,8,-2,24,0.6,1,1,0,1,5,1,0,29,6.9,213,14:12,6,19,0,4,0.0
200,Mikhail Sergachev\sergami01,21,TBL,D,13,0,8,8,6,14,1.3,0,0,0,0,6,2,0,23,0.0,245,18:48,17,16,0,0,
201,Jared Spurgeon\spurgja01,30,MIN,D,16,2,6,8,-7,4,1.0,2,0,0,0,4,2,0,30,6.7,367,22:56,21,16,0,0,
202,Brandon Sutter\suttebr03,30,VAN,C,16,5,3,8,5,7,1.1,5,0,0,0,3,0,0,39,12.8,245,15:20,7,3,80,97,45.2
203,Tyler Toffoli\toffoty01,27,LAK,C,15,4,4,8,-3,6,0.7,4,0,0,0,4,0,0,38,10.5,230,15:19,0,10,0,3,0.0
204,Kyle Turris\turriky01,30,NSH,C,16,4,4,8,0,4,0.8,3,1,0,2,3,1,0,28,14.3,223,13:54,1,1,48,59,44.9
205,James van Riemsdyk\vanrija01,30,PHI,LW,15,4,4,8,4,2,1.0,3,1,0,0,4,0,0,54,7.4,251,16:45,4,5,2,1,66.7
206,Sami Vatanen\vatansa01,28,NJD,D,14,4,4,8,4,6,1.7,3,1,0,0,2,2,0,22,18.2,321,22:55,21,10,0,0,
207,Jake Virtanen\virtaja01,23,VAN,RW,16,5,3,8,6,8,1.2,5,0,0,3,3,0,0,29,17.2,185,11:33,9,19,1,4,20.0
208,Blake Wheeler\wheelbl01,33,WPG,RW,16,5,3,8,-9,6,0.5,5,0,0,0,3,0,0,51,9.8,334,20:53,9,25,8,14,36.4
209,Keith Yandle\yandlke01,33,FLA,D,15,1,7,8,1,4,1.1,0,1,0,0,2,5,0,30,3.3,281,18:45,13,8,0,0,
210,Andreas Athanasiou\athanan01,25,DET,C,15,1,6,7,-19,6,-0.3,1,0,0,0,4,2,0,36,2.8,252,16:49,6,5,13,15,46.4
211,Mikael Backlund\backlmi01,30,CGY,C,19,3,4,7,-1,14,0.5,2,1,0,2,3,1,0,41,7.3,351,18:27,4,7,121,130,48.2
212,Pierre-Edouard Bellemare\bellepi01,34,COL,LW,16,3,4,7,2,2,0.7,3,0,0,0,3,0,1,17,17.6,208,13:00,10,8,85,93,47.8
213,Johnny Boychuk\boychjo01,36,NYI,D,14,1,6,7,3,0,1.3,0,1,0,0,6,0,0,22,4.5,255,18:14,25,24,0,0,
214,Derick Brassard\brassde01,32,NYI,C,15,5,2,7,-1,8,0.8,5,0,0,1,2,0,0,25,20.0,227,15:09,8,20,63,59,51.6
215,Christian Dvorak\dvorach01,23,ARI,C,16,6,1,7,2,2,1.0,4,2,0,2,1,0,0,30,20.0,255,15:55,9,4,97,70,58.1
216,Oliver Ekman-Larsson\ekmanol01,28,ARI,D,16,2,5,7,2,4,1.5,2,0,0,0,4,1,0,33,6.1,402,25:09,19,23,0,0,
217,Jesper Fast\fastje01,28,NYR,RW,13,2,5,7,2,4,0.6,2,0,0,0,5,0,0,15,13.3,210,16:07,11,15,2,4,33.3
218,Valtteri Filppula\filppva01,35,DET,C,17,2,5,7,-11,4,0.1,2,0,0,0,4,1,0,17,11.8,271,15:56,5,3,77,80,49.0
219,Cody Glass\glassco01,20,VEG,C,17,3,4,7,0,4,0.7,3,0,0,0,1,3,0,27,11.1,248,14:36,2,9,21,38,35.6
220,Barclay Goodrow\goodrba01,26,SJS,RW,17,4,3,7,-1,35,0.8,4,0,0,1,2,0,1,20,20.0,239,14:03,16,24,63,53,54.3
221,Noah Hanifin\hanifno01,23,CGY,D,19,3,4,7,-6,2,1.1,2,1,0,0,3,1,0,34,8.8,400,21:02,23,25,0,0,
222,Kevin Hayes\hayeske01,27,PHI,RW,15,4,3,7,-5,6,0.5,2,1,1,1,3,0,0,45,8.9,271,18:03,1,20,83,96,46.4
223,Nico Hischier\hischni01,21,NJD,C,12,2,5,7,-5,2,0.3,2,0,0,0,4,1,0,23,8.7,198,16:31,5,5,105,74,58.7
224,Dominik Kahun\kahundo01,24,PIT,C,15,3,4,7,6,4,0.9,3,0,0,1,4,0,0,23,13.0,180,12:01,4,3,7,4,63.6
225,Chris Kreider\kreidch01,28,NYR,LW,14,3,4,7,-3,10,0.5,2,1,0,1,3,1,0,29,10.3,243,17:22,10,25,16,15,51.6
226,Gabriel Landeskog\landega01,27,COL,LW,11,3,4,7,-4,14,0.4,3,0,0,2,2,2,0,26,11.5,224,20:22,6,20,35,44,44.3
227,Casey Mittelstadt\mitteca01,21,BUF,C,15,3,4,7,5,2,0.9,2,1,0,1,3,1,0,18,16.7,180,12:01,2,5,51,52,49.5
228,Alexander Nylander\nylanal01,21,CHI,LW,14,2,5,7,0,0,0.6,2,0,0,1,4,1,0,27,7.4,179,12:46,3,6,2,6,25.0
229,Dmitry Orlov\orlovdm01,28,WSH,D,17,1,6,7,-7,10,0.3,0,1,0,0,5,1,0,21,4.8,363,21:22,19,25,0,0,
230,Brandon Saad\saadbr01,27,CHI,LW,15,5,2,7,-4,4,0.7,4,0,1,0,2,0,0,37,13.5,241,16:02,4,8,5,6,45.5
231,Justin Schultz\schulju01,29,PIT,D,16,1,6,7,-1,0,1.0,1,0,0,0,3,3,0,44,2.3,333,20:47,13,9,0,0,
232,Ryan Suter\suterry01,35,MIN,D,16,2,5,7,-5,8,1.1,1,1,0,0,3,2,0,26,7.7,390,24:24,13,10,0,0,
233,Brandon Tanev\tanevbr01,28,PIT,LW,16,3,4,7,1,2,0.7,2,0,1,1,4,0,0,24,12.5,232,14:29,10,50,0,1,0.0
234,Chris Tierney\tiernch01,25,OTT,C,15,3,4,7,-4,4,0.4,1,1,1,0,4,0,0,23,13.0,272,18:06,9,13,133,102,56.6
235,Jacob Trouba\troubja01,25,NYR,D,14,1,6,7,0,6,1.0,1,0,0,0,2,3,1,40,2.5,327,23:21,32,25,0,0,
236,Frank Vatrano\vatrafr01,25,FLA,LW,15,4,3,7,0,4,0.6,3,0,1,0,3,0,0,39,10.3,236,15:43,12,11,4,8,33.3
237,Pavel Zacha\zachapa01,22,NJD,C,13,2,5,7,-2,4,0.4,2,0,0,0,5,0,0,20,10.0,206,15:49,3,7,27,39,40.9
238,Mats Zuccarello\zuccama01,32,MIN,LW,12,3,4,7,-7,10,0.5,2,1,0,0,3,1,0,14,21.4,186,15:29,5,1,2,1,66.7
239,Rasmus Andersson\anderra01,23,CGY,D,19,2,4,6,1,6,1.4,2,0,0,0,3,1,0,35,5.7,354,18:38,14,7,0,0,
240,Jamie Benn\bennja01,30,DAL,LW,17,1,5,6,-1,4,0.3,0,1,0,0,4,1,0,37,2.7,288,16:57,14,33,50,37,57.5
241,Oliver Bjorkstrand\bjorkol01,24,CBJ,RW,16,4,2,6,-4,4,0.5,3,1,0,1,2,0,0,48,8.3,265,16:32,8,13,1,8,11.1
242,Brandon Carlo\carlobr01,23,BOS,D,15,2,4,6,3,4,1.3,2,0,0,0,4,0,0,22,9.1,302,20:07,8,19,0,0,
243,Jeff Carter\carteje01,35,LAK,C,16,4,2,6,-6,12,0.3,4,0,0,1,2,0,0,55,7.3,285,17:50,8,11,101,81,55.5
244,Jakob Chychrun\chychja01,21,ARI,D,16,3,3,6,0,8,1.3,2,1,0,1,2,1,0,37,8.1,341,21:21,16,13,0,0,
245,Anthony Cirelli\cirelan01,22,TBL,C,12,1,5,6,3,12,0.3,1,0,0,0,3,2,0,17,5.9,214,17:52,8,11,75,103,42.1
246,Ian Cole\coleia01,30,COL,D,11,0,6,6,8,14,1.3,0,0,0,0,6,0,0,9,0.0,191,17:21,16,14,0,0,
247,Nick Cousins\cousini01,26,MTL,C,10,2,4,6,6,0,0.8,2,0,0,0,4,0,0,19,10.5,135,13:30,1,12,4,6,40.0
248,Jake Debrusk\debruja01,23,BOS,LW,15,3,3,6,1,2,0.6,3,0,0,0,2,1,0,34,8.8,244,16:14,4,4,2,3,40.0
249,Mathew Dumba\dumbama01,25,MIN,D,16,1,5,6,-13,15,0.2,1,0,0,0,2,3,0,35,2.9,369,23:03,19,20,0,0,
250,Brian Dumoulin\dumoubr01,28,PIT,D,12,1,5,6,11,6,1.7,0,0,1,0,4,1,0,22,4.5,258,21:31,13,21,0,0,
251,Radek Faksa\faksara01,26,DAL,C,17,4,2,6,-8,8,0.4,3,1,0,1,2,0,0,30,13.3,276,16:16,8,14,109,104,51.2
252,Justin Faulk\faulkju01,27,STL,D,17,0,6,6,-5,8,0.5,0,0,0,0,5,1,0,32,0.0,352,20:42,12,15,0,0,
253,Taylor Fedun\fedunta01,31,DAL,D,14,0,6,6,5,4,1.3,0,0,0,0,6,0,0,18,0.0,193,13:47,11,8,0,0,
254,Marcus Foligno\foligma01,28,MIN,LW,16,2,4,6,2,2,0.6,2,0,0,0,4,0,0,24,8.3,230,14:23,7,49,5,2,71.4
255,Nick Foligno\foligni01,32,CBJ,LW,16,1,5,6,-3,4,0.2,0,1,0,0,4,0,1,31,3.2,286,17:53,7,28,48,40,54.5
256,Samuel Girard\girarsa01,21,COL,D,16,0,6,6,-4,2,0.4,0,0,0,0,4,2,0,22,0.0,357,22:18,22,11,0,0,
257,Michael Grabner\grabnmi01,32,ARI,RW,16,4,2,6,3,0,0.8,3,0,1,0,2,0,0,26,15.4,220,13:47,3,3,0,1,0.0
258,Denis Gurianov\guriade01,22,DAL,RW,13,4,2,6,5,2,1.0,3,1,0,2,1,1,0,35,11.4,154,11:52,1,16,0,0,
259,Garnet Hathaway\hathaga01,28,WSH,RW,17,2,4,6,3,11,0.5,2,0,0,0,3,0,1,19,10.5,207,12:10,13,41,0,7,0.0
260,Danton Heinen\heineda01,24,BOS,C,15,3,3,6,2,0,0.7,1,2,0,2,3,0,0,16,18.8,207,13:46,10,4,1,2,33.3
261,Mattias Janmark\janmama02,27,DAL,C,17,1,5,6,1,2,0.5,0,0,1,0,4,0,1,15,6.7,244,14:19,7,5,7,2,77.8
262,Tyson Jost\jostty01,21,COL,C,16,4,2,6,2,6,0.7,4,0,0,0,2,0,0,35,11.4,215,13:28,2,8,26,51,33.8
263,Duncan Keith\keithdu01,36,CHI,D,15,1,5,6,2,10,1.2,1,0,0,0,3,2,0,27,3.7,374,24:56,29,5,0,0,
264,Alex Killorn\killoal01,30,TBL,C,13,2,4,6,3,0,0.4,1,1,0,0,3,1,0,23,8.7,231,17:48,4,8,3,4,42.9
265,Mikko Koivu\koivumi01,36,MIN,C,16,1,5,6,-2,4,0.2,1,0,0,0,3,2,0,33,3.0,283,17:41,10,3,138,120,53.5
266,Dominik Kubalík\kubaldo01,24,CHI,LW,14,3,3,6,-1,6,0.6,2,1,0,0,1,2,0,37,8.1,185,13:13,6,27,0,2,0.0
267,Luke Kunin\kuninlu01,22,MIN,C,16,3,3,6,-8,19,0.3,3,0,0,0,3,0,0,39,7.7,261,16:17,11,15,50,57,46.7
268,Sam Lafferty\laffesa01,24,PIT,C,10,3,3,6,4,4,0.8,3,0,0,1,3,0,0,18,16.7,134,13:27,5,16,37,37,50.0
269,Nick Leddy\leddyni01,28,NYI,D,11,2,4,6,6,2,1.5,1,1,0,0,4,0,0,15,13.3,216,19:39,14,7,0,0,
270,Artturi Lehkonen\lehkoar01,24,MTL,LW,16,2,4,6,0,14,0.4,2,0,0,1,4,0,0,28,7.1,225,14:06,11,19,2,2,50.0
271,Andrew Mangiapane\mangian01,23,CGY,LW,17,3,3,6,2,8,0.7,3,0,0,1,3,0,0,24,12.5,200,11:45,4,15,3,10,23.1
272,Sonny Milano\milanso01,23,CBJ,LW,14,3,3,6,0,12,0.7,3,0,0,1,3,0,0,19,15.8,143,10:14,1,7,0,0,
273,Nino Niederreiter\niedeni01,27,CAR,RW,16,2,4,6,-3,14,0.3,1,1,0,0,3,1,0,33,6.1,257,16:04,5,12,0,2,0.0
274,Nick Paul\paulni01,24,OTT,LW,10,2,4,6,3,4,0.7,2,0,0,1,3,1,0,17,11.8,147,14:43,7,26,38,21,64.4
275,Tanner Pearson\pearsta01,27,VAN,LW,16,2,4,6,-2,6,0.3,2,0,0,0,3,1,0,49,4.1,266,16:37,7,14,0,5,0.0
276,Michael Raffl\rafflmi01,31,PHI,LW,15,3,3,6,-3,2,0.5,3,0,0,1,3,0,0,20,15.0,184,12:16,7,15,21,21,50.0
277,Jack Roslovic\rosloja01,23,WPG,C,16,2,4,6,1,2,0.5,2,0,0,0,3,1,0,29,6.9,225,14:05,2,12,34,24,58.6
278,Bryan Rust\rustbr01,27,PIT,RW,5,4,2,6,7,0,1.2,4,0,0,1,1,0,1,10,40.0,72,14:30,3,3,0,0,
279,Wayne Simmonds\simmowa01,31,NJD,RW,14,1,5,6,-2,8,0.2,0,1,0,0,4,1,0,41,2.4,221,15:46,5,21,3,4,42.9
280,Craig Smith\smithcr01,30,NSH,C,16,2,4,6,7,8,0.6,2,0,0,0,4,0,0,34,5.9,217,13:35,6,12,2,7,22.2
281,Sam Steel\steelsa01,21,ANA,C,13,0,6,6,-5,6,0.1,0,0,0,0,3,3,0,13,0.0,199,15:16,3,3,60,51,54.1
282,Derek Stepan\stepade01,29,ARI,C,16,2,4,6,-3,4,0.2,2,0,0,1,2,2,0,33,6.1,309,19:17,11,6,117,131,47.2
283,Anton Stralman\stralan01,33,FLA,D,15,0,6,6,-1,2,0.6,0,0,0,0,5,0,1,19,0.0,311,20:45,18,17,0,0,
284,Nick Suzuki\suzukni01,20,MTL,C,16,3,3,6,3,2,0.6,3,0,0,0,2,1,0,21,14.3,221,13:47,7,11,20,24,45.5
285,Shea Theodore\theodsh01,24,VEG,D,17,1,5,6,-4,4,0.9,1,0,0,0,1,4,0,39,2.6,367,21:34,17,7,0,0,
286,Jonathan Toews\toewsjo01,31,CHI,C,15,2,4,6,-3,14,0.2,2,0,0,1,4,0,0,34,5.9,295,19:41,8,7,138,131,51.3
287,Vincent Trocheck\trochvi01,26,FLA,C,8,1,5,6,-2,0,0.3,0,0,1,0,4,1,0,27,3.7,156,19:28,8,9,46,54,46.0
288,Sean Walker\walkese01,25,LAK,D,16,3,3,6,3,6,1.3,3,0,0,0,3,0,0,28,10.7,298,18:38,23,15,0,0,
289,Austin Watson\watsoau01,28,NSH,LW,16,3,3,6,4,14,0.6,3,0,0,1,1,0,2,16,18.8,205,12:48,17,30,1,2,33.3
290,Alexander Wennberg\wennbal01,25,CBJ,C,16,2,4,6,-3,4,0.3,1,1,0,0,2,2,0,18,11.1,298,18:38,6,4,115,102,53.0
291,Zach Werenski\werenza01,22,CBJ,D,16,3,3,6,-8,2,0.9,2,1,0,0,2,1,0,41,7.3,378,23:37,18,11,0,0,
292,Michael Amadio\amadimi01,23,LAK,C,14,3,2,5,-6,4,0.2,3,0,0,0,1,1,0,34,8.8,199,14:15,7,5,63,71,47.0
293,Zach Aston-Reese\astonza01,25,PIT,C,16,3,2,5,2,10,0.5,2,0,1,0,2,0,0,35,8.6,230,14:23,8,28,2,3,40.0
294,Ivan Barbashev\barbaiv01,24,STL,C,17,1,4,5,-1,5,0.2,0,0,1,0,4,0,0,14,7.1,226,13:19,10,33,37,49,43.0
295,Tyson Barrie\barrity01,28,TOR,D,17,0,5,5,-4,6,0.2,0,0,0,0,4,1,0,39,0.0,371,21:50,13,10,0,0,
296,Sam Bennett\bennesa01,23,CGY,C,17,3,2,5,3,14,0.6,3,0,0,0,1,1,0,29,10.3,226,13:19,5,27,29,28,50.9
297,Teddy Blueger\bluegte01,25,PIT,C,16,2,3,5,-3,17,0.2,2,0,0,0,3,0,0,22,9.1,235,14:41,5,16,90,97,48.1
298,Mark Borowiecki\borowma01,30,OTT,D,15,1,4,5,4,27,1.0,1,0,0,0,4,0,0,17,5.9,238,15:52,26,44,0,0,
299,Jesper Bratt\brattje01,21,NJD,W,11,3,2,5,0,2,0.5,3,0,0,0,2,0,0,12,25.0,140,12:46,2,2,1,3,25.0
300,Will Butcher\butchwi01,25,NJD,D,12,1,4,5,-3,2,0.5,1,0,0,0,4,0,0,10,10.0,213,17:47,11,5,0,0,
301,Ryan Carpenter\carpery01,29,CHI,C,15,0,5,5,3,6,0.3,0,0,0,0,4,0,1,10,0.0,203,13:31,9,21,70,68,50.7
302,Zdeno Chara\charazd01,42,BOS,D,15,2,3,5,13,14,1.9,2,0,0,1,3,0,0,26,7.7,324,21:37,23,13,0,0,
303,Ben Chiarot\chiarbe01,28,MTL,D,16,3,2,5,5,10,1.2,3,0,0,1,2,0,0,31,9.7,338,21:09,19,29,0,0,
304,Casey Cizikas\cizikca01,28,NYI,C,10,2,3,5,6,9,0.7,1,0,1,0,2,0,1,16,12.5,152,15:11,10,19,79,52,60.3
305,Kyle Clifford\cliffky01,29,LAK,LW,16,2,3,5,1,11,0.4,2,0,0,0,3,0,0,27,7.4,175,10:55,2,20,0,2,0.0
306,Cal Clutterbuck\cluttca01,32,NYI,RW,15,2,3,5,8,16,0.7,1,0,1,0,2,0,1,18,11.1,213,14:12,18,42,1,0,100.0
307,Max Comtois\comtoma01,21,ANA,LW,12,2,3,5,0,6,0.4,1,1,0,0,3,0,0,15,13.3,171,14:17,3,21,1,7,12.5
308,Charlie Coyle\coylech01,27,BOS,C,15,2,3,5,-1,2,0.3,2,0,0,0,3,0,0,29,6.9,237,15:47,2,14,69,75,47.9
309,Vince Dunn\dunnvi02,23,STL,D,17,2,3,5,3,4,1.2,0,2,0,0,1,2,0,34,5.9,272,15:59,8,6,0,0,
310,Tyler Ennis\ennisty01,30,OTT,C,15,3,2,5,-11,8,0.0,1,2,0,0,2,0,0,32,9.4,243,16:11,8,13,4,4,50.0
311,Joel Eriksson Ek\eriksjo02,23,MIN,C,13,1,4,5,2,2,0.4,1,0,0,0,4,0,0,22,4.5,191,14:41,13,20,58,65,47.2
312,Micheal Ferland\ferlami01,27,VAN,LW,12,1,4,5,-1,7,0.4,1,0,0,0,4,0,0,13,7.7,124,10:21,1,26,2,0,100.0
313,Warren Foegele\foegewa01,23,CAR,LW,16,1,4,5,1,6,0.3,1,0,0,0,4,0,0,23,4.3,188,11:45,1,23,4,5,44.4
314,Adam Fox\foxad01,21,NYR,D,14,2,3,5,2,2,1.0,2,0,0,0,2,1,0,20,10.0,240,17:08,16,4,0,0,
315,Jake Gardiner\gardija01,29,CAR,D,16,1,4,5,-5,6,0.5,1,0,0,1,3,1,0,18,5.6,284,17:47,12,11,0,0,
316,Shayne Gostisbehere\gostish01,26,PHI,D,15,1,4,5,-4,10,0.6,1,0,0,0,1,3,0,30,3.3,286,19:04,10,4,0,0,
317,Yanni Gourde\gourdya01,28,TBL,C,13,2,3,5,1,9,0.3,2,0,0,0,2,1,0,24,8.3,184,14:07,5,7,37,36,50.7
318,Derek Grant\grantde01,29,ANA,C,17,2,3,5,-2,4,0.3,2,0,0,1,3,0,0,25,8.0,234,13:45,6,10,104,97,51.7
319,Ryan Graves\gravery01,24,COL,D,15,2,3,5,7,6,1.3,2,0,0,0,2,0,1,18,11.1,237,15:47,33,17,0,0,
320,Jordan Greenway\greenjo02,22,MIN,LW,14,0,5,5,3,8,0.4,0,0,0,0,4,1,0,19,0.0,189,13:30,4,26,7,6,53.8
321,Radko Gudas\gudasra01,29,WSH,D,17,0,5,5,9,19,1.2,0,0,0,0,5,0,0,24,0.0,298,17:32,26,36,0,0,
322,Nikita Gusev\gusevni01,27,NJD,LW,11,4,1,5,-1,6,0.6,4,0,0,0,1,0,0,21,19.0,139,12:38,0,2,0,0,
323,Carl Hagelin\hagelca01,31,WSH,LW,17,0,5,5,1,2,0.1,0,0,0,0,4,0,1,27,0.0,241,14:10,2,8,4,4,50.0
324,Ville Heinola\heinovi01,18,WPG,D,8,1,4,5,3,4,1.0,1,0,0,0,3,1,0,10,10.0,145,18:04,5,3,0,0,
325,Darren Helm\helmda01,33,DET,C,17,4,1,5,5,19,0.8,4,0,0,0,1,0,0,32,12.5,212,12:29,6,14,4,4,50.0
326,Taro Hirose\hirosta01,23,DET,LW,17,0,5,5,-8,4,-0.1,0,0,0,0,0,5,0,11,0.0,223,13:07,6,8,0,3,0.0
327,Alex Iafallo\iafalal01,26,LAK,C,16,3,2,5,-2,2,0.3,2,1,0,1,2,0,0,31,9.7,278,17:21,8,8,5,2,71.4
328,Boone Jenner\jennebo01,26,CBJ,C,16,4,1,5,-9,8,0.3,4,0,0,0,1,0,0,35,11.4,248,15:29,10,25,99,79,55.6
329,Henri Jokiharju\jokihhe01,20,BUF,D,15,1,4,5,1,10,1.0,1,0,0,0,4,0,0,20,5.0,248,16:34,17,10,0,0,
330,Mathieu Joseph\josepma01,22,TBL,RW,13,3,2,5,0,6,0.4,3,0,0,0,2,0,0,17,17.6,162,12:30,4,9,2,5,28.6
331,Kaapo Kakko\kakkoka01,18,NYR,RW,14,3,2,5,-10,4,0.0,2,1,0,0,0,2,0,26,11.5,212,15:09,0,7,0,1,0.0
332,David Kampf\kampfda01,25,CHI,C,15,3,2,5,-3,0,0.3,2,0,1,1,2,0,0,30,10.0,227,15:09,8,11,71,73,49.3
333,Ondrej Kase\kaseon01,24,ANA,RW,12,1,4,5,5,2,0.5,1,0,0,0,4,0,0,27,3.7,181,15:06,0,5,1,4,20.0
334,David Krejci\krejcda01,33,BOS,C,9,1,4,5,4,4,0.5,0,1,0,1,4,0,0,15,6.7,143,15:54,6,3,39,43,47.6
335,Brendan Leipsic\leipsbr01,25,WSH,LW,17,1,4,5,1,0,0.3,1,0,0,0,3,1,0,17,5.9,158,9:18,5,11,0,3,0.0
336,Brendan Lemieux\lemiebr01,23,NYR,LW,13,1,4,5,2,26,0.4,0,1,0,0,3,1,0,20,5.0,169,12:58,16,22,5,5,50.0
337,Bryan Little\littlbr01,32,WPG,RW,7,2,3,5,4,2,0.7,2,0,0,1,3,0,0,13,15.4,113,16:09,3,3,43,54,44.3
338,Alec Martinez\martial01,32,LAK,D,16,0,5,5,0,10,0.7,0,0,0,0,4,1,0,19,0.0,345,21:33,33,10,0,0,
339,Ryan McDonagh\mcdonry01,30,TBL,D,13,1,4,5,0,4,0.6,1,0,0,0,4,0,0,13,7.7,291,22:21,25,7,0,0,
340,Victor Mete\metevi01,21,MTL,D,16,3,2,5,7,4,1.4,3,0,0,1,2,0,0,20,15.0,287,17:58,23,4,0,0,
341,Trevor Moore\mooretr01,24,TOR,LW,17,3,2,5,2,4,0.4,3,0,0,0,1,0,1,30,10.0,246,14:27,9,30,2,4,33.3
342,Riley Nash\nashri02,30,CBJ,C,16,1,4,5,1,2,0.4,0,0,1,0,4,0,0,11,9.1,175,10:57,9,12,37,68,35.2
343,Kyle Okposo\okposky01,31,BUF,RW,15,1,4,5,0,16,0.4,1,0,0,1,4,0,0,16,6.3,169,11:16,3,15,9,6,60.0
344,Zach Parise\parisza01,35,MIN,LW,16,4,1,5,-12,2,0.1,3,1,0,1,1,0,0,31,12.9,274,17:08,8,9,8,6,57.1
345,Adam Pelech\pelecad01,25,NYI,D,15,1,4,5,7,6,1.5,1,0,0,0,3,0,1,22,4.5,327,21:46,38,30,0,0,
346,Mathieu Perreault\perrema01,32,WPG,C,16,4,1,5,-6,2,0.4,3,1,0,0,1,0,0,26,15.4,211,13:11,4,16,5,2,71.4
347,Marcus Pettersson\pettema01,23,PIT,D,16,1,4,5,3,4,1.0,1,0,0,0,3,1,0,17,5.9,305,19:03,19,18,0,0,
348,Ryan Pulock\pulocry01,25,NYI,D,15,2,3,5,2,4,1.2,2,0,0,1,3,0,0,28,7.1,322,21:29,30,18,0,0,
349,Rasmus Ristolainen\ristora01,25,BUF,D,15,0,5,5,-2,4,0.9,0,0,0,0,4,1,0,29,0.0,364,24:14,19,33,0,0,
350,Carter Rowney\rowneca01,30,ANA,RW,17,4,1,5,-2,6,0.5,3,0,1,0,1,0,0,17,23.5,217,12:48,8,27,10,10,50.0
351,Travis Sanheim\sanhetr01,23,PHI,D,15,1,4,5,1,4,1.0,1,0,0,0,4,0,0,25,4.0,303,20:10,11,9,0,0,
352,Andrew Shaw\shawan01,28,CHI,C,15,3,2,5,0,16,0.5,2,1,0,0,2,0,0,27,11.1,213,14:12,2,36,23,25,47.9
353,Brady Skjei\skjeibr01,25,NYR,D,13,1,4,5,0,14,0.8,1,0,0,0,4,0,0,28,3.6,254,19:32,12,9,0,0,
354,Marcus Sorensen\sorenma01,27,SJS,RW,14,3,2,5,-4,16,0.4,3,0,0,0,2,0,0,20,15.0,174,12:24,3,14,0,2,0.0
355,Jordan Staal\staaljo01,31,CAR,C,16,2,3,5,2,12,0.3,1,1,0,0,3,0,0,25,8.0,294,18:22,5,28,140,118,54.3
356,Alex Steen\steenal01,35,STL,C,17,0,5,5,2,4,0.2,0,0,0,0,5,0,0,22,0.0,235,13:49,20,5,4,4,50.0
357,P.K. Subban\subbapk01,30,NJD,D,14,2,3,5,-2,16,0.7,2,0,0,1,3,0,0,33,6.1,335,23:54,11,11,0,0,
358,Nate Thompson\thompna01,35,MTL,C,16,0,5,5,0,5,0.0,0,0,0,0,4,0,1,20,0.0,224,14:01,14,18,109,86,55.9
359,Joe Thornton\thornjo01,40,SJS,C,17,0,5,5,-9,18,-0.1,0,0,0,0,4,1,0,17,0.0,244,14:22,3,2,80,88,47.6
360,Chris Wagner\wagnech01,28,BOS,C,14,1,4,5,1,2,0.3,1,0,0,0,4,0,0,19,5.3,195,13:54,7,32,25,30,45.5
361,Noel Acciari\acciano01,28,FLA,C,14,4,0,4,-3,0,0.2,4,0,0,2,0,0,0,22,18.2,217,15:30,19,19,92,103,47.2
362,Ethan Bear\bearet01,22,EDM,D,17,2,2,4,-3,14,0.9,2,0,0,1,2,0,0,23,8.7,364,21:23,19,7,0,0,
363,Matt Benning\bennima01,25,EDM,D,17,0,4,4,8,10,1.3,0,0,0,0,4,0,0,14,0.0,231,13:34,15,25,0,0,
364,Brian Boyle\boylebr01,35,FLA,C,7,2,2,4,4,2,0.6,2,0,0,0,2,0,0,13,15.4,97,13:51,8,11,38,27,58.5
365,Paul Byron\byronpa01,30,MTL,C,16,1,3,4,4,4,0.2,1,0,0,0,3,0,0,10,10.0,217,13:35,10,20,0,1,0.0
366,William Carrier\carriwi01,25,VEG,LW,17,2,2,4,-1,10,0.4,2,0,0,1,2,0,0,22,9.1,151,8:51,2,40,2,2,50.0
367,Cody Ceci\cecico01,26,TOR,D,17,1,3,4,5,8,0.9,1,0,0,1,3,0,0,14,7.1,384,22:36,27,27,0,0,
368,Dennis Cholowski\cholode01,21,DET,D,14,1,3,4,-11,4,0.0,0,1,0,0,1,2,0,23,4.3,249,17:48,12,3,0,0,
369,Blake Coleman\colembl01,28,NJD,C,14,3,1,4,0,12,0.3,3,0,0,0,1,0,0,29,10.3,219,15:37,10,34,16,26,38.1
370,Andrew Copp\coppan01,25,WPG,C,16,2,2,4,-4,4,0.1,2,0,0,0,2,0,0,22,9.1,263,16:28,5,11,79,61,56.4
371,Lawson Crouse\crousla01,22,ARI,LW,15,2,2,4,2,11,0.4,2,0,0,0,2,0,0,15,13.3,199,13:17,6,35,5,8,38.5
372,Jacob de La Rose\delarja01,24,DET,LW,16,1,3,4,3,4,0.3,1,0,0,0,3,0,0,15,6.7,196,12:13,9,24,45,69,39.5
373,Danny DeKeyser\dekeyda01,29,DET,D,8,0,4,4,0,4,0.6,0,0,0,0,4,0,0,12,0.0,176,22:04,17,2,0,0,
374,Dylan Gambrell\gambrdy01,23,SJS,C,13,1,3,4,-5,7,0.1,1,0,0,0,2,1,0,7,14.3,137,10:30,7,6,45,42,51.7
375,Adam Gaudette\gaudead01,23,VAN,C,7,1,3,4,3,0,0.5,1,0,0,0,2,1,0,9,11.1,82,11:45,4,5,9,15,37.5
376,Zemgus Girgensons\girgeze01,26,BUF,C,15,1,3,4,-4,2,0.1,1,0,0,1,3,0,0,19,5.3,199,13:15,2,15,4,6,40.0
377,Mikael Granlund\granlmi01,27,NSH,C,16,2,2,4,-2,6,0.0,2,0,0,0,2,0,0,33,6.1,263,16:25,11,8,11,7,61.1
378,Andy Greene\greenan01,37,NJD,D,10,0,4,4,5,2,0.9,0,0,0,0,4,0,0,8,0.0,194,19:25,22,3,0,0,
379,Carl Gunnarsson\gunnaca01,33,STL,D,10,1,3,4,1,6,0.7,1,0,0,0,2,0,1,7,14.3,152,15:10,13,5,0,0,
380,Erik Gustafsson\gustaer02,27,CHI,D,14,0,4,4,3,4,0.9,0,0,0,0,2,2,0,18,0.0,277,19:45,10,9,0,0,
381,Barrett Hayton\haytoba01,19,ARI,C,9,1,3,4,1,10,0.4,1,0,0,1,3,0,0,13,7.7,106,11:48,0,2,4,6,40.0
382,Vinnie Hinostroza\hinosvi01,25,ARI,C,16,1,3,4,-1,4,0.2,1,0,0,0,3,0,0,20,5.0,205,12:50,7,6,10,12,45.5
383,Nick Holden\holdeni01,32,VEG,D,17,2,2,4,0,4,1.1,1,1,0,0,1,0,1,28,7.1,336,19:46,21,27,0,0,
384,Justin Holl\hollju01,28,TOR,D,15,0,4,4,5,8,0.8,0,0,0,0,4,0,0,17,0.0,211,14:04,14,14,0,0,
385,Brett Howden\howdebr01,21,NYR,C,14,2,2,4,-1,2,0.2,2,0,0,1,1,0,1,16,12.5,219,15:38,15,12,85,90,48.6
386,Adrian Kempe\kempead01,23,LAK,LW,16,1,3,4,-6,10,-0.1,0,1,0,0,3,0,0,31,3.2,242,15:08,3,11,58,65,47.2
387,John Klingberg\klingjo01,27,DAL,D,17,1,3,4,-10,14,0.4,1,0,0,0,1,2,0,36,2.8,401,23:36,16,10,0,0,
388,Sean Kuraly\kuralse01,27,BOS,C,15,1,3,4,-1,8,0.1,1,0,0,0,3,0,0,26,3.8,219,14:36,5,34,63,75,45.7
389,Blake Lizotte\lizotbl01,22,LAK,C,16,0,4,4,-2,4,0.0,0,0,0,0,4,0,0,15,0.0,207,12:56,5,7,62,48,56.4
390,Olli Maatta\maattol01,25,CHI,D,15,0,4,4,-1,2,0.6,0,0,0,0,3,0,1,12,0.0,264,17:36,19,24,0,0,
391,Evgeni Malkin\malkiev01,33,PIT,C,5,2,2,4,2,0,0.6,1,1,0,0,2,0,0,15,13.3,80,16:04,1,1,25,20,55.6
392,Charlie McAvoy\mcavoch01,22,BOS,D,15,0,4,4,6,6,1.1,0,0,0,0,3,1,0,14,0.0,328,21:51,24,27,0,0,
393,Jake McCabe\mccabja01,26,BUF,D,15,1,3,4,-2,6,0.8,1,0,0,1,3,0,0,16,6.3,316,21:04,35,26,0,0,
394,Brock McGinn\mcginbr01,25,CAR,LW,16,1,3,4,-1,6,0.1,0,0,1,0,3,0,0,22,4.5,210,13:08,4,16,7,13,35.0
395,Colin Miller\milleco02,27,BUF,D,15,0,4,4,0,6,0.8,0,0,0,0,1,3,0,26,0.0,280,18:41,15,24,0,0,
396,Ryan Murray\murrary01,26,CBJ,D,10,1,3,4,-2,2,0.6,1,0,0,0,3,0,0,14,7.1,194,19:25,18,4,0,0,
397,Tyler Myers\myersty01,29,VAN,D,16,0,4,4,1,14,0.8,0,0,0,0,4,0,0,33,0.0,349,21:48,16,16,0,0,
398,Patrik Nemeth\nemetpa01,27,DET,D,17,1,3,4,-1,8,0.8,1,0,0,1,3,0,0,30,3.3,358,21:05,23,11,0,0,
399,Tomas Nosek\nosekto01,27,VEG,C,16,3,1,4,0,6,0.5,2,0,1,0,1,0,0,28,10.7,180,11:15,10,13,63,47,57.3
400,Jamie Oleksiak\oleksja01,27,DAL,D,17,0,4,4,0,11,0.8,0,0,0,0,4,0,0,16,0.0,235,13:49,15,18,0,0,
401,Corey Perry\perryco01,34,DAL,RW,10,2,2,4,-1,4,0.4,2,0,0,0,1,1,0,12,16.7,140,14:00,5,9,1,0,100.0
402,Brett Pesce\pescebr01,25,CAR,D,16,2,2,4,-1,8,0.8,2,0,0,0,2,0,0,34,5.9,344,21:30,22,4,0,0,
403,Bobby Ryan\ryanbo01,32,OTT,LW,12,1,3,4,0,6,0.2,1,0,0,0,3,0,0,16,6.3,151,12:34,2,14,2,0,100.0
404,Marco Scandella\scandma01,29,BUF,D,11,2,2,4,8,2,1.5,2,0,0,0,2,0,0,14,14.3,186,16:57,12,7,0,0,
405,Colton Sceviour\scevico01,30,FLA,C,15,1,3,4,-2,2,0.0,1,0,0,0,3,0,0,23,4.3,214,14:15,11,8,3,5,37.5
406,Tim Schaller\schalti01,29,VAN,LW,16,4,0,4,1,8,0.5,3,0,1,0,0,0,0,24,16.7,194,12:07,9,9,2,1,66.7
407,Conor Sheary\shearco01,27,BUF,LW,11,3,1,4,2,2,0.6,2,1,0,1,0,1,0,17,17.6,137,12:25,4,6,0,0,
408,Brendan Smith\smithbr05,30,NYR,D,14,1,3,4,-3,13,0.4,0,0,1,0,2,0,1,14,7.1,163,11:39,8,19,0,0,
409,Jason Spezza\spezzja01,36,TOR,C,9,1,3,4,0,8,0.3,1,0,0,0,3,0,0,16,6.3,100,11:06,3,2,29,33,46.8
410,Oskar Sundqvist\sundqos01,25,STL,C,17,3,1,4,-2,10,0.2,3,0,0,0,1,0,0,19,15.8,237,13:56,8,21,38,37,50.7
411,Chris Tanev\tanevch01,30,VAN,D,16,1,3,4,6,4,1.2,1,0,0,0,2,0,1,13,7.7,311,19:28,40,6,0,0,
412,Troy Terry\terrytr01,22,ANA,C,17,2,2,4,-6,2,0.0,2,0,0,0,2,0,0,22,9.1,228,13:24,2,0,1,5,16.7
413,Robert Thomas\thomaro01,20,STL,C,12,3,1,4,-2,4,0.4,3,0,0,2,1,0,0,14,21.4,154,12:52,0,4,6,5,54.5
414,Dmytro Timashov\timasdm01,23,TOR,LW,13,1,3,4,0,4,0.3,1,0,0,0,3,0,0,11,9.1,117,9:02,5,24,0,0,
415,Lucas Wallmark\wallmlu01,24,CAR,C,16,2,2,4,-1,4,0.3,2,0,0,0,2,0,0,24,8.3,189,11:47,10,8,68,73,48.2
416,Colin Wilson\wilsoco01,30,COL,C,9,0,4,4,6,0,0.4,0,0,0,0,4,0,0,12,0.0,114,12:38,2,6,3,4,42.9
417,Miles Wood\woodmi01,24,NJD,LW,14,2,2,4,-4,10,0.1,2,0,0,1,2,0,0,27,7.4,174,12:24,2,16,0,0,
418,Nikita Zaitsev\zaitsni01,28,OTT,D,15,0,4,4,2,4,0.7,0,0,0,0,4,0,0,16,0.0,359,23:54,40,23,0,0,
419,Travis Zajac\zajactr01,34,NJD,C,14,1,3,4,1,8,0.1,1,0,0,0,3,0,0,8,12.5,240,17:09,7,7,103,99,51.0
420,Justin Abdelkader\abdelju01,32,DET,LW,14,0,3,3,1,4,0.1,0,0,0,0,3,0,0,14,0.0,182,13:01,4,21,13,18,41.9
421,Jay Beagle\beaglja01,34,VAN,RW,16,1,2,3,-1,10,0.0,0,0,1,1,1,0,1,20,5.0,203,12:42,7,14,111,65,63.1
422,Emil Bemstrom\bemstem01,20,CBJ,C,16,1,2,3,-2,0,0.1,0,1,0,0,1,1,0,23,4.3,165,10:19,7,12,0,3,0.0
423,Gabriel Bourque\bourqga01,29,WPG,LW,16,1,2,3,1,0,0.2,1,0,0,0,2,0,0,17,5.9,162,10:07,12,32,0,1,0.0
424,Jay Bouwmeester\bouwmja01,36,STL,D,17,1,2,3,4,8,1.0,1,0,0,0,2,0,0,13,7.7,363,21:21,21,11,0,0,
425,Travis Boyd\boydtr01,26,WSH,C,5,0,3,3,3,0,0.3,0,0,0,0,3,0,0,1,0.0,46,9:16,1,0,4,6,40.0
426,Justin Braun\braunju01,32,PHI,D,15,0,3,3,-12,6,-0.3,0,0,0,0,3,0,0,19,0.0,257,17:09,20,15,0,0,
427,Jonas Brodin\brodijo01,26,MIN,D,16,0,3,3,-6,4,0.3,0,0,0,0,3,0,0,20,0.0,327,20:27,25,8,0,0,
428,Drake Caggiula\caggidr01,25,CHI,LW,13,3,0,3,-3,4,0.3,3,0,0,0,0,0,0,13,23.1,148,11:24,6,27,1,3,25.0
429,Alex Chiasson\chiasal01,29,EDM,RW,14,0,3,3,-2,2,0.0,0,0,0,0,3,0,0,19,0.0,182,13:00,5,11,0,3,0.0
430,Austin Czarnik\czarnau01,27,CGY,C,8,2,1,3,1,0,0.4,1,1,0,0,1,0,0,9,22.2,82,10:11,2,1,2,4,33.3
431,Kirby Dach\dachki01,19,CHI,C,10,1,2,3,0,2,0.2,1,0,0,0,1,1,0,10,10.0,111,11:07,1,4,8,19,29.6
432,Michael Dal Colle\dalcomi01,23,NYI,LW,14,1,2,3,1,6,0.2,1,0,0,0,2,0,0,8,12.5,176,12:35,7,10,2,0,100.0
433,Michael Del Zotto\delzomi01,29,ANA,D,13,1,2,3,5,4,1.0,1,0,0,0,2,0,0,10,10.0,249,19:10,14,21,0,0,
434,Jason Demers\demerja01,31,ARI,D,15,0,3,3,1,4,0.8,0,0,0,0,2,0,1,15,0.0,338,22:31,18,19,0,0,
435,Ryan Donato\donatry01,23,MIN,C,14,1,2,3,0,2,0.2,1,0,0,0,2,0,0,16,6.3,147,10:28,1,6,7,10,41.2
436,Nic Dowd\dowdni01,29,WSH,C,11,2,1,3,2,2,0.4,1,0,1,1,1,0,0,7,28.6,110,10:01,5,9,46,49,48.4
437,Jordan Eberle\eberljo01,29,NYI,RW,5,0,3,3,-1,0,0.1,0,0,0,0,1,2,0,11,0.0,92,18:20,1,2,0,3,0.0
438,Dante Fabbro\fabbrda01,21,NSH,D,16,2,1,3,5,6,0.8,2,0,0,0,1,0,0,21,9.5,309,19:19,18,9,0,0,
439,Joel Farabee\farabjo01,19,PHI,LW,9,2,1,3,0,4,0.3,2,0,0,0,1,0,0,24,8.3,142,15:46,4,5,0,2,0.0
440,Kevin Fiala\fialake01,23,MIN,LW,11,2,1,3,-3,2,0.2,2,0,0,0,1,0,0,17,11.8,149,13:31,4,5,0,1,0.0
441,Haydn Fleury\fleurha01,23,CAR,D,11,1,2,3,1,2,0.6,1,0,0,0,2,0,0,14,7.1,118,10:42,8,6,0,0,
442,Michael Frolik\frolimi01,31,CGY,LW,18,1,2,3,-10,16,-0.3,1,0,0,0,2,0,0,18,5.6,225,12:31,3,6,1,7,12.5
443,Alex Galchenyuk\galchal01,25,PIT,C,7,0,3,3,-4,0,0.0,0,0,0,0,2,1,0,17,0.0,103,14:44,1,6,0,1,0.0
444,Frederik Gauthier\gauthfr01,24,TOR,C,17,2,1,3,-2,6,0.1,2,0,0,0,1,0,0,14,14.3,179,10:32,5,15,69,56,55.2
445,Luke Glendening\glendlu01,30,DET,C,10,2,1,3,-5,0,0.1,2,0,0,1,1,0,0,15,13.3,135,13:30,13,23,53,43,55.2
446,Brendan Guhle\guhlebr01,22,ANA,D,7,0,3,3,3,2,0.6,0,0,0,0,3,0,0,9,0.0,131,18:44,8,0,0,0,
447,Travis Hamonic\hamontr01,29,CGY,D,19,0,3,3,-5,13,0.5,0,0,0,0,3,0,0,26,0.0,405,21:20,35,7,0,0,
448,Ryan Hartman\hartmry01,25,MIN,RW,16,1,2,3,-4,27,0.0,1,0,0,0,2,0,0,19,5.3,201,12:34,11,7,5,10,33.3
449,Jayce Hawryluk\hawryja01,24,FLA,C,8,1,2,3,-1,4,0.2,1,0,0,0,2,0,0,5,20.0,75,9:25,5,13,0,2,0.0
450,Dryden Hunt\huntdr01,24,FLA,LW,15,0,3,3,2,22,0.0,0,0,0,0,3,0,0,30,0.0,169,11:15,3,22,0,0,
451,Ben Hutton\huttobe01,26,LAK,D,16,1,2,3,-6,2,0.1,1,0,0,0,2,0,0,33,3.0,314,19:39,18,10,0,0,
452,Erik Johnson\johnser01,31,COL,D,16,1,2,3,-2,6,0.4,1,0,0,0,2,0,0,32,3.1,359,22:25,26,21,0,0,
453,Leo Komarov\komarle01,33,NYI,C,7,0,3,3,2,2,0.2,0,0,0,0,2,0,1,5,0.0,88,12:33,2,6,4,22,15.4
454,Jesperi Kotkaniemi\kotkaje01,19,MTL,C,12,2,1,3,-1,2,0.1,2,0,0,0,0,1,0,19,10.5,156,13:02,3,15,48,59,44.9
455,Dmitry Kulikov\kulikdm01,29,WPG,D,15,1,2,3,1,10,0.8,1,0,0,0,2,0,0,22,4.5,304,20:15,13,25,0,0,
456,Scott Laughton\laughsc01,25,PHI,C,9,0,3,3,0,0,0.1,0,0,0,0,3,0,0,11,0.0,129,14:19,8,12,41,36,53.2
457,Esa Lindell\lindees01,25,DAL,D,17,1,2,3,1,4,1.2,0,1,0,1,1,1,0,23,4.3,401,23:37,32,14,0,0,
458,Milan Lucic\lucicmi01,31,CGY,LW,17,0,3,3,-4,30,-0.1,0,0,0,0,2,1,0,22,0.0,210,12:20,4,33,5,6,45.5
459,Josh Mahura\mahurjo01,21,ANA,D,3,0,3,3,0,2,0.3,0,0,0,0,3,0,0,2,0.0,50,16:46,5,0,0,0,
460,Josh Manson\mansojo01,28,ANA,D,11,0,3,3,3,15,0.7,0,0,0,0,3,0,0,13,0.0,213,19:22,14,21,0,0,
461,John Marino\marinjo01,22,PIT,D,14,1,2,3,2,8,0.7,1,0,0,0,2,0,0,18,5.6,245,17:32,10,16,0,0,
462,Pat Maroon\maroopa01,31,TBL,LW,11,1,2,3,-1,5,0.1,1,0,0,0,2,0,0,15,6.7,117,10:39,2,12,4,0,100.0
463,Matt Martin\martima02,30,NYI,LW,7,2,1,3,2,0,0.5,2,0,0,1,1,0,0,7,28.6,70,9:56,0,24,1,2,33.3
464,Scott Mayfield\mayfisc01,27,NYI,D,15,1,2,3,3,8,0.9,1,0,0,0,1,0,1,23,4.3,292,19:28,24,21,0,0,
465,Jordan Oesterle\oestejo01,27,ARI,D,8,0,3,3,3,4,0.7,0,0,0,0,2,1,0,11,0.0,119,14:54,16,5,0,0,
466,Brett Ritchie\ritchbr01,26,BOS,RW,13,2,1,3,-1,17,0.2,2,0,0,1,0,1,0,20,10.0,139,10:42,1,30,0,2,0.0
467,Zach Sanford\sanfoza01,25,STL,LW,12,1,2,3,1,6,0.2,1,0,0,0,2,0,0,11,9.1,138,11:29,4,20,0,0,
468,Damon Severson\severda01,25,NJD,D,14,2,1,3,-10,2,-0.1,2,0,0,0,1,0,0,14,14.3,292,20:50,11,14,0,0,
469,Vladimir Sobotka\sobotvl01,32,BUF,C,15,1,2,3,3,4,0.2,1,0,0,0,2,0,0,23,4.3,224,14:56,5,18,33,26,55.9
470,Troy Stecher\stechtr01,25,VAN,D,16,1,2,3,5,16,1.0,1,0,0,0,2,0,0,21,4.8,222,13:53,15,17,0,0,
471,Chandler Stephenson\stephch02,25,WSH,C,13,2,1,3,4,4,0.4,2,0,0,1,0,0,1,11,18.2,144,11:05,4,9,48,39,55.2
472,Matt Tennyson\tennyma01,29,NJD,D,9,0,3,3,-5,4,0.0,0,0,0,0,3,0,0,4,0.0,113,12:36,8,5,0,0,
473,Alexandre Texier\texieal01,20,CBJ,C,12,2,1,3,0,6,0.3,2,0,0,1,0,1,0,17,11.8,159,13:14,2,7,2,3,40.0
474,Marc-Edouard Vlasic\vlasima01,32,SJS,D,17,2,1,3,-6,0,0.7,1,0,1,0,1,0,0,21,9.5,355,20:52,18,8,0,0,
475,Austin Wagner\wagneau01,22,LAK,LW,12,2,1,3,-1,11,0.2,2,0,0,0,1,0,0,22,9.1,129,10:44,1,21,0,2,0.0
476,Jordan Weal\wealjo01,27,MTL,C,10,2,1,3,-4,4,0.1,1,1,0,0,1,0,0,20,10.0,142,14:09,5,2,18,25,41.9
477,Luke Witkowski\witkolu01,29,TBL,D,12,1,2,3,-4,13,0.1,1,0,0,0,2,0,0,10,10.0,106,8:48,3,33,0,0,
478,Nikita Zadorov\zadorni01,24,COL,D,15,1,2,3,2,37,0.6,1,0,0,0,2,0,0,20,5.0,269,17:55,20,28,0,0,
479,Josh Anderson\anderjo05,25,CBJ,RW,10,1,1,2,-6,6,-0.1,1,0,0,0,1,0,0,21,4.8,172,17:12,5,19,2,5,28.6
480,Artem Anisimov\anisiar01,31,OTT,C,7,2,0,2,-5,2,0.0,2,0,0,0,0,0,0,15,13.3,103,14:47,4,1,26,31,45.6
481,Cole Bardreau\bardrco01,26,NYI,F,8,1,1,2,-1,6,0.2,1,0,0,1,1,0,0,8,12.5,69,8:34,1,15,16,18,47.1
482,Jordie Benn\bennjo01,32,VAN,D,16,0,2,2,7,2,1.0,0,0,0,0,2,0,0,16,0.0,275,17:10,17,11,0,0,
483,Anders Bjork\bjorkan01,23,BOS,LW,7,2,0,2,0,0,0.3,2,0,0,0,0,0,0,17,11.8,84,12:02,2,2,0,0,
484,Joseph Blandisi\blandjo01,25,PIT,C,7,1,1,2,0,0,0.2,1,0,0,1,1,0,0,3,33.3,60,8:37,3,10,13,14,48.1
485,Madison Bowey\boweyma01,24,DET,D,12,0,2,2,-6,2,0.0,0,0,0,0,2,0,0,14,0.0,197,16:23,13,4,0,0,
486,Josh Brown\brownjo01,26,FLA,D,13,1,1,2,-2,11,0.2,1,0,0,0,1,0,0,5,20.0,166,12:44,11,16,0,0,
487,Logan Brown\brownlo01,21,OTT,C,4,0,2,2,1,0,0.2,0,0,0,0,1,1,0,4,0.0,46,11:34,1,0,15,12,55.6
488,Filip Chlapik\chlapfi01,22,OTT,C,5,0,2,2,3,6,0.3,0,0,0,0,2,0,0,2,0.0,34,6:52,2,10,1,1,50.0
489,Filip Chytil\chytifi01,20,NYR,C,5,2,0,2,2,0,0.3,2,0,0,1,0,0,0,9,22.2,85,17:04,4,0,17,27,38.6
490,Andrew Cogliano\coglian01,32,DAL,LW,17,0,2,2,1,10,0.0,0,0,0,0,2,0,0,16,0.0,188,11:04,5,18,5,4,55.6
491,Dylan DeMelo\demeldy01,26,OTT,D,15,0,2,2,2,9,0.4,0,0,0,0,2,0,0,19,0.0,272,18:08,16,29,0,0,
492,Brenden Dillon\dillobr01,29,SJS,D,17,0,2,2,-9,21,0.2,0,0,0,0,1,0,1,22,0.0,342,20:08,14,49,0,0,
493,Noah Dobson\dobsono01,20,NYI,D,6,0,2,2,1,0,0.4,0,0,0,0,2,0,0,7,0.0,89,14:51,3,6,0,0,
494,Cody Eakin\eakinco01,28,VEG,C,13,0,2,2,-6,4,-0.3,0,0,0,0,2,0,0,15,0.0,198,15:14,6,6,83,98,45.9
495,Deryk Engelland\engelde01,37,VEG,D,15,0,2,2,1,16,0.7,0,0,0,0,1,0,1,21,0.0,273,18:13,27,33,0,0,
496,Mario Ferraro\ferrama01,21,SJS,D,17,0,2,2,-6,10,0.2,0,0,0,0,1,0,1,16,0.0,257,15:08,13,24,0,0,
497,Mike Green\greenmi03,34,DET,D,14,1,1,2,-7,16,0.1,1,0,0,0,0,1,0,26,3.8,301,21:32,24,7,0,0,
498,Carl Grundstrom\grundca01,22,LAK,RW,4,0,2,2,0,0,0.1,0,0,0,0,2,0,0,7,0.0,58,14:23,0,7,0,0,
499,Matt Grzelcyk\grzelma01,26,BOS,D,15,0,2,2,2,8,0.6,0,0,0,0,1,1,0,18,0.0,264,17:38,16,7,0,0,
500,Gaetan Haas\haasga01,28,EDM,F,10,1,1,2,0,0,0.2,1,0,0,0,1,0,0,7,14.3,90,9:00,6,8,31,39,44.3
501,Nicolas Hague\hagueni01,21,VEG,D,10,0,2,2,0,16,0.4,0,0,0,0,1,1,0,12,0.0,142,14:14,5,8,0,0,
502,Ron Hainsey\hainsro01,38,OTT,D,15,1,1,2,2,2,0.6,1,0,0,1,0,0,1,10,10.0,266,17:43,21,10,0,0,
503,Libor Hajek\hajekli01,21,NYR,D,14,0,2,2,0,8,0.4,0,0,0,0,2,0,0,14,0.0,241,17:11,26,12,0,0,
504,Joel Hanley\hanlejo01,28,DAL,D,6,0,2,2,0,6,0.3,0,0,0,0,2,0,0,3,0.0,66,11:04,5,3,0,0,
505,Nick Jensen\jenseni02,29,WSH,D,17,0,2,2,-7,0,-0.3,0,0,0,0,1,1,0,13,0.0,303,17:50,20,12,0,0,
506,Adam Johnson\johnsad01,25,PIT,C,7,1,1,2,-1,2,0.2,1,0,0,0,1,0,0,5,20.0,47,6:42,1,4,0,0,
507,Jack Johnson\johnsja02,33,PIT,D,15,0,2,2,4,2,0.7,0,0,0,0,2,0,0,11,0.0,262,17:30,14,33,0,0,
508,Tomas Jurco\jurcoto01,27,EDM,RW,12,0,2,2,1,4,0.1,0,0,0,0,2,0,0,7,0.0,120,9:59,3,3,2,2,50.0
509,Vladislav Kamenev\kamenvl01,23,COL,LW,5,0,2,2,2,2,0.2,0,0,0,0,2,0,0,4,0.0,52,10:26,3,2,10,13,43.5
510,Melker Karlsson\karlsme01,29,SJS,C,15,1,1,2,-5,6,-0.1,1,0,0,0,1,0,0,13,7.7,186,12:26,9,12,3,2,60.0
511,Slater Koekkoek\koekksl01,25,CHI,D,7,0,2,2,-2,8,0.2,0,0,0,0,2,0,0,6,0.0,109,15:36,7,12,0,0,
512,Dean Kukan\kukande01,26,CBJ,D,8,0,2,2,0,2,0.4,0,0,0,0,2,0,0,9,0.0,112,14:02,3,3,0,0,
513,Jacob Larsson\larssja01,22,ANA,D,16,1,1,2,0,8,0.5,1,0,0,0,1,0,0,17,5.9,272,17:01,11,6,0,0,
514,Johan Larsson\larssjo02,27,BUF,LW,15,1,1,2,-3,10,-0.1,1,0,0,0,1,0,0,18,5.6,212,14:08,8,16,77,85,47.5
515,Trevor Lewis\lewistr01,33,LAK,C,16,1,1,2,-3,6,-0.2,1,0,0,0,1,0,0,30,3.3,199,12:25,6,18,12,23,34.3
516,Jakob Lilja\liljaja01,26,CBJ,F,10,0,2,2,-1,0,0.1,0,0,0,0,2,0,0,11,0.0,88,8:45,8,6,1,0,100.0
517,Kurtis MacDermid\macdeku01,25,LAK,D,9,1,1,2,-1,13,0.3,1,0,0,0,1,0,0,13,7.7,115,12:47,8,10,0,0,
518,Mackenzie MacEachern\maceama01,25,STL,LW,10,1,1,2,-2,2,0.1,1,0,0,0,1,0,0,11,9.1,86,8:38,5,12,0,0,
519,Gerald Mayhew\mayhege01,27,MIN,F,6,2,0,2,2,2,0.4,2,0,0,0,0,0,0,9,22.2,58,9:37,1,4,3,3,50.0
520,Brayden McNabb\mcnabbr01,29,VEG,D,17,1,1,2,-1,24,0.7,0,0,1,0,1,0,0,15,6.7,346,20:20,30,37,0,0,
521,Jonathon Merrill\merrijo01,27,VEG,D,17,0,2,2,1,10,0.8,0,0,0,0,2,0,0,15,0.0,348,20:28,19,6,0,0,
522,Philippe Myers\myersph01,23,PHI,D,4,1,1,2,4,0,0.7,1,0,0,0,1,0,0,7,14.3,71,17:39,3,3,0,0,
523,Markus Nutivaara\nutivma01,25,CBJ,D,10,2,0,2,-1,2,0.6,2,0,0,0,0,0,0,14,14.3,151,15:05,9,9,0,0,
524,Tyler Pitlick\pitlity01,28,PHI,C,11,0,2,2,-4,2,-0.1,0,0,0,0,2,0,0,6,0.0,114,10:23,2,11,1,3,25.0
525,Tucker Poolman\poolmtu01,26,WPG,D,14,1,1,2,-9,2,-0.2,1,0,0,0,1,0,0,15,6.7,212,15:08,9,11,0,0,
526,Mark Pysyk\pysykma01,28,FLA,D,10,1,1,2,-1,4,0.3,1,0,0,0,1,0,0,10,10.0,139,13:51,3,5,0,1,0.0
527,Victor Rask\raskvi01,26,MIN,C,7,1,1,2,2,0,0.3,1,0,0,1,1,0,0,3,33.3,68,9:44,1,6,20,29,40.8
528,Ryan Reaves\reavery01,33,VEG,RW,17,2,0,2,-3,14,0.1,2,0,0,0,0,0,0,17,11.8,149,8:48,7,61,6,10,37.5
529,Mike Reilly\reillmi01,26,MTL,D,8,0,2,2,1,2,0.3,0,0,0,0,2,0,0,9,0.0,112,13:58,7,6,0,0,
530,Matt Roy\royma04,24,LAK,D,16,1,1,2,-3,0,0.2,1,0,0,0,1,0,0,27,3.7,243,15:11,24,21,0,0,
531,Kris Russell\russekr01,32,EDM,D,17,0,2,2,3,4,0.9,0,0,0,0,2,0,0,12,0.0,325,19:08,37,16,0,0,
532,Scott Sabourin\sabousc01,27,OTT,F,11,1,1,2,-3,13,0.1,1,0,0,0,1,0,0,9,11.1,69,6:15,5,20,0,1,0.0
533,Rasmus Sandin\sandira01,19,TOR,D,6,0,2,2,0,2,0.2,0,0,0,0,2,0,0,5,0.0,73,12:13,2,4,0,0,
534,David Savard\savarda01,29,CBJ,D,16,0,2,2,-2,4,0.5,0,0,0,0,2,0,0,13,0.0,305,19:03,25,25,0,0,
535,Nate Schmidt\schmina01,28,VEG,D,5,1,1,2,0,2,0.5,1,0,0,0,1,0,0,10,10.0,98,19:37,10,4,0,0,
536,Zachary Senyshyn\senysza01,22,BOS,RW,1,0,2,2,1,0,0.2,0,0,0,0,2,0,0,1,0.0,11,10:49,0,0,0,0,
537,Devin Shore\shorede01,25,ANA,C,10,0,2,2,4,2,0.2,0,0,0,0,2,0,0,11,0.0,118,11:50,4,10,8,3,72.7
538,Jonas Siegenthaler\siegejo01,22,WSH,D,17,0,2,2,4,16,0.5,0,0,0,0,2,0,0,11,0.0,305,17:58,32,15,0,0,
539,Marc Staal\staalma01,33,NYR,D,11,1,1,2,2,8,0.6,1,0,0,0,1,0,0,11,9.1,203,18:25,22,10,0,0,
540,Michael Stone\stonemi01,29,CGY,D,5,1,1,2,0,2,0.4,1,0,0,0,1,0,0,8,12.5,65,13:02,6,5,0,0,
541,Trevor van Riemsdyk\vanritr01,28,CAR,D,8,0,2,2,1,2,0.4,0,0,0,0,2,0,0,6,0.0,113,14:08,7,2,0,0,
542,Jimmy Vesey\veseyji02,26,BUF,LW,12,0,2,2,3,0,0.1,0,0,0,0,2,0,0,14,0.0,145,12:05,4,7,0,0,
543,Colin White\whiteco02,23,OTT,C,8,1,1,2,-4,8,-0.1,1,0,0,0,1,0,0,13,7.7,143,17:51,2,5,38,51,42.7
544,Valentin Zykov\zykovva01,24,VEG,LW,7,0,2,2,-1,2,0.1,0,0,0,0,2,0,0,7,0.0,82,11:44,2,8,0,1,0.0
545,Vitaly Abramov\abramvi01,21,OTT,RW,2,1,0,1,0,2,0.2,1,0,0,0,0,0,0,3,33.3,12,5:47,0,0,0,0,
546,Lias Andersson\anderli01,21,NYR,C,13,0,1,1,-4,4,-0.3,0,0,0,0,1,0,0,8,0.0,131,10:04,8,12,33,32,50.8
547,David Backes\backeda01,35,BOS,C,8,0,1,1,-1,16,0.0,0,0,0,0,1,0,0,13,0.0,66,8:17,2,8,1,2,33.3
548,Lean Bergmann\bergmle01,21,SJS,F,8,0,1,1,-5,2,-0.2,0,0,0,0,1,0,0,9,0.0,68,8:27,4,10,0,2,0.0
549,Anthony Bitetto\bitetan01,29,WPG,D,14,0,1,1,0,2,0.3,0,0,0,0,1,0,0,22,0.0,212,15:10,13,36,0,0,
550,Nick Bjugstad\bjugsni01,27,PIT,C,7,1,0,1,4,6,0.2,1,0,0,0,0,0,0,10,10.0,95,13:30,4,8,25,38,39.7
551,Mikkel Boedker\boedkmi01,30,OTT,RW,5,0,1,1,1,0,0.1,0,0,0,0,1,0,0,4,0.0,38,7:39,1,1,0,0,
552,Adam Boqvist\boqviad01,19,CHI,D,4,1,0,1,-2,2,0.1,1,0,0,0,0,0,0,8,12.5,59,14:51,1,4,0,0,
553,Erik Brannstrom\branner01,20,OTT,D,14,0,1,1,-2,6,0.0,0,0,0,0,1,0,0,13,0.0,189,13:29,11,2,0,0,
554,Jonny Brodzinski\brodzjo01,26,SJS,C,3,0,1,1,0,0,0.1,0,0,0,0,1,0,0,5,0.0,22,7:24,0,3,0,1,0.0
555,Nicholas Caamano\caamani01,21,DAL,RW,8,1,0,1,-1,0,0.1,1,0,0,0,0,0,0,10,10.0,79,9:49,3,11,0,0,
556,Kyle Capobianco\capobky01,22,ARI,D,7,1,0,1,-1,2,0.2,1,0,0,0,0,0,0,6,16.7,102,14:35,9,7,0,0,
557,Connor Carrick\carrico01,25,NJD,D,4,0,1,1,-3,2,-0.1,0,0,0,0,1,0,0,4,0.0,55,13:49,4,4,0,0,
558,Colby Cave\caveco01,25,EDM,C,5,1,0,1,-1,2,0.1,1,0,0,0,0,0,0,2,50.0,54,10:52,0,7,17,21,44.7
559,Erik Cernak\cernaer01,22,TBL,D,12,1,0,1,-1,9,0.2,1,0,0,0,0,0,0,19,5.3,238,19:50,20,24,0,0,
560,Connor Clifton\cliftco01,24,BOS,D,13,1,0,1,1,2,0.4,1,0,0,0,0,0,0,11,9.1,197,15:09,9,22,0,0,
561,Braydon Coburn\coburbr01,34,TBL,D,12,1,0,1,3,4,0.5,1,0,0,0,0,0,0,19,5.3,182,15:08,9,17,0,0,
562,Calvin de Haan\dehaaca01,28,CHI,D,13,0,1,1,1,6,0.4,0,0,0,0,1,0,0,12,0.0,257,19:45,24,43,0,0,
563,Nicolas Deslauriers\deslani01,28,ANA,LW,7,0,1,1,-2,5,-0.1,0,0,0,0,1,0,0,4,0.0,66,9:29,3,12,0,0,
564,Jason Dickinson\dickija01,24,DAL,C,13,1,0,1,-2,0,-0.1,1,0,0,0,0,0,0,16,6.3,188,14:29,10,17,22,20,52.4
565,Robby Fabbri\fabbrro01,24,STL,C,9,1,0,1,-4,2,-0.1,1,0,0,0,0,0,0,7,14.3,87,9:42,1,10,1,0,100.0
566,Christian Fischer\fischch01,22,ARI,RW,15,0,1,1,3,4,-0.1,0,0,0,0,1,0,0,27,0.0,174,11:36,3,26,0,0,
567,Christian Folin\folinch01,28,MTL,D,5,0,1,1,2,2,0.2,0,0,0,0,1,0,0,2,0.0,80,15:58,8,12,0,0,
568,Sam Gagner\gagnesa01,30,EDM,C,7,0,1,1,-2,2,-0.1,0,0,0,0,1,0,0,12,0.0,97,13:50,2,6,4,12,25.0
569,Vladislav Gavrikov\gavrivl01,24,CBJ,D,15,0,1,1,-1,8,0.4,0,0,0,0,1,0,0,18,0.0,249,16:36,17,14,0,0,
570,Markus Granlund\granlma01,26,EDM,C,14,0,1,1,-2,6,-0.2,0,0,0,0,1,0,0,10,0.0,152,10:51,9,3,21,28,42.9
571,Erik Gudbranson\gudbrer01,28,TOT,D,13,1,0,1,3,6,0.6,1,0,0,0,0,0,0,12,8.3,236,18:07,10,26,0,0,
572,Robert Hagg\haggro01,24,PHI,D,10,0,1,1,-3,6,0.1,0,0,0,0,1,0,0,9,0.0,160,16:00,18,26,0,0,
573,Micheal Haley\haleymi01,33,NYR,C,8,1,0,1,-1,14,0.1,1,0,0,0,0,0,0,6,16.7,53,6:35,4,11,4,4,50.0
574,Dan Hamhuis\hamhuda01,37,NSH,D,14,0,1,1,4,11,0.3,0,0,0,0,1,0,0,9,0.0,206,14:42,7,15,0,0,
575,Scott Harrington\harrisc01,26,CBJ,D,5,0,1,1,-4,4,-0.1,0,0,0,0,1,0,0,6,0.0,70,14:00,5,4,0,0,
576,Joe Hicketts\hickejo01,23,DET,D,4,0,1,1,-4,0,-0.1,0,0,0,0,1,0,0,4,0.0,72,18:01,8,7,0,0,
577,Niklas Hjalmarsson\hjalmni01,32,ARI,D,4,1,0,1,1,0,0.3,1,0,0,0,0,0,0,4,25.0,60,14:54,4,2,0,0,
578,Korbinian Holzer\holzeko01,31,ANA,D,14,0,1,1,1,13,0.4,0,0,0,0,0,0,1,14,0.0,243,17:21,31,30,0,0,
579,Matt Irwin\irwinma01,32,NSH,D,7,0,1,1,-3,2,-0.2,0,0,0,0,1,0,0,5,0.0,81,11:30,5,8,0,0,
580,Ross Johnston\johnsro02,25,NYI,LW,8,1,0,1,0,33,0.1,1,0,0,0,0,0,0,4,25.0,57,7:04,3,17,1,0,100.0
581,Max Jones\jonesma03,21,ANA,LW,13,0,1,1,-1,6,-0.2,0,0,0,0,1,0,0,22,0.0,162,12:25,1,8,4,3,57.1
582,Jujhar Khaira\khairju01,25,EDM,LW,17,1,0,1,-5,8,-0.2,1,0,0,0,0,0,0,19,5.3,214,12:35,5,27,4,2,66.7
583,Brett Kulak\kulakbr01,26,MTL,D,8,0,1,1,-1,4,0.0,0,0,0,0,1,0,0,10,0.0,123,15:25,9,7,0,0,
584,Oliver Kylington\kylinol01,22,CGY,D,14,0,1,1,0,4,0.4,0,0,0,0,1,0,0,12,0.0,187,13:23,7,5,0,0,
585,Joel L'Esperance\lespejo01,24,DAL,RW,3,1,0,1,0,2,0.2,1,0,0,0,0,0,0,2,50.0,22,7:21,1,1,0,1,0.0
586,Ryan Lindgren\lindgry01,21,NYR,D,4,0,1,1,2,2,0.3,0,0,0,0,1,0,0,4,0.0,63,15:52,2,3,0,0,
587,Par Lindholm\lindhpa01,28,BOS,C,7,1,0,1,2,0,0.1,1,0,0,0,0,0,0,7,14.3,79,11:20,4,3,24,20,54.5
588,Ilya Lyubushkin\lyubuil01,25,ARI,D,8,0,1,1,2,10,0.4,0,0,0,0,1,0,0,10,0.0,95,11:52,7,16,0,0,
589,Brandon Manning\mannibr01,29,EDM,D,8,1,0,1,0,2,0.3,1,0,0,0,0,0,0,8,12.5,91,11:23,5,7,0,0,
590,Jordan Martinook\martijo01,27,CAR,LW,4,0,1,1,1,4,0.1,0,0,0,0,1,0,0,3,0.0,48,11:58,2,7,0,4,0.0
591,Mike Matheson\mathemi01,25,FLA,D,10,0,1,1,0,0,0.2,0,0,0,0,0,1,0,18,0.0,214,21:27,13,5,0,0,
592,Greg McKegg\mckeggr01,27,NYR,C,7,1,0,1,-2,0,0.0,0,0,1,0,0,0,0,6,16.7,62,8:50,1,1,7,6,53.8
593,Tyler Motte\mottety01,24,VAN,C,6,0,1,1,-1,2,-0.1,0,0,0,0,1,0,0,3,0.0,80,13:16,7,11,1,2,33.3
594,Valeri Nichushkin\nichuva01,24,COL,RW,12,0,1,1,0,5,-0.1,0,0,0,0,1,0,0,18,0.0,129,10:47,4,9,0,1,0.0
595,Joakim Nordstrom\nordsjo02,27,BOS,C,5,1,0,1,0,0,0.1,1,0,0,0,0,0,0,9,11.1,68,13:33,1,10,0,0,
596,Joakim Nygard\nygarjo01,27,EDM,F,6,1,0,1,-2,0,0.0,1,0,0,0,0,0,0,9,11.1,62,10:15,2,6,1,0,100.0
597,Cedric Paquette\paquece01,26,TBL,C,5,1,0,1,-3,0,-0.1,1,0,0,0,0,0,0,5,20.0,64,12:49,4,9,25,18,58.1
598,Nic Petan\petanni01,24,TOR,C,5,0,1,1,-2,2,-0.1,0,0,0,0,1,0,0,6,0.0,44,8:42,0,4,0,0,
599,Brandon Pirri\pirribr01,28,VEG,C,10,0,1,1,-3,6,-0.2,0,0,0,0,1,0,0,19,0.0,128,12:51,1,4,4,3,57.1
600,Alan Quine\quineal01,26,CGY,C,8,1,0,1,-1,4,0.1,1,0,0,0,0,0,0,12,8.3,82,10:14,1,5,1,0,100.0
601,Brad Richardson\richabr02,34,ARI,C,9,0,1,1,4,4,0.1,0,0,0,0,1,0,0,13,0.0,122,13:34,3,9,45,52,46.4
602,Tobias Rieder\riedeto01,27,CGY,C,13,1,0,1,-5,0,-0.2,1,0,0,0,0,0,0,18,5.6,144,11:02,7,2,1,3,25.0
603,Juuso Riikola\riikoju01,26,PIT,D,5,0,1,1,-1,0,0.1,0,0,0,0,1,0,0,8,0.0,59,11:45,3,11,0,0,
604,Evan Rodrigues\rodriev01,26,BUF,C,7,0,1,1,0,0,0.0,0,0,0,0,1,0,0,10,0.0,69,9:51,1,3,9,8,52.9
605,Kevin Rooney\rooneke01,26,NJD,C,11,0,1,1,4,6,0.0,0,0,0,0,1,0,0,12,0.0,139,12:38,4,11,63,54,53.8
606,Nicolas Roy\royni01,22,VEG,C,3,1,0,1,1,2,0.2,1,0,0,1,0,0,0,5,20.0,27,8:57,1,5,7,8,46.7
607,Jan Rutta\ruttaja02,29,TBL,D,2,0,1,1,-5,2,-0.3,0,0,0,0,1,0,0,3,0.0,33,16:23,0,4,0,0,
608,Joakim Ryan\ryanjo02,26,LAK,D,5,0,1,1,0,2,0.2,0,0,0,0,1,0,0,4,0.0,82,16:29,4,4,0,0,
609,Miikka Salomaki\salommi01,26,NSH,RW,5,1,0,1,2,4,0.1,1,0,0,1,0,0,0,2,50.0,61,12:09,1,9,0,0,
610,Brent Seabrook\seabrbr01,34,CHI,D,13,1,0,1,-4,4,0.1,0,1,0,0,0,0,0,18,5.6,235,18:04,21,25,0,0,
611,Andrej Sekera\sekeran01,33,DAL,D,13,0,1,1,0,6,0.5,0,0,0,0,1,0,0,15,0.0,268,20:36,22,7,0,0,
612,Nick Shore\shoreni01,27,TOR,C,14,1,0,1,1,8,0.0,1,0,0,0,0,0,0,5,20.0,130,9:18,6,7,67,44,60.4
613,Radim Simek\simekra01,27,SJS,D,2,1,0,1,-1,0,0.2,1,0,0,0,0,0,0,5,20.0,40,20:11,7,6,0,0,
614,Gemel Smith\smithge02,25,TBL,C,3,1,0,1,0,4,0.1,1,0,0,0,0,0,0,1,100.0,28,9:10,2,1,11,7,61.1
615,Carson Soucy\soucyca01,25,MIN,D,13,0,1,1,4,2,0.6,0,0,0,0,1,0,0,10,0.0,179,13:48,10,21,0,0,
616,Chris Stewart\stewach02,32,PHI,RW,8,0,1,1,-2,12,-0.1,0,0,0,0,1,0,0,2,0.0,65,8:10,2,16,0,0,
617,Alex Tuch\tuchal01,23,VEG,RW,2,1,0,1,0,0,0.2,1,0,0,0,0,0,0,3,33.3,17,8:42,0,0,0,0,
618,Carsen Twarynski\twaryca01,22,PHI,F,10,1,0,1,0,4,0.0,1,0,0,0,0,0,0,10,10.0,103,10:20,4,25,0,2,0.0
619,T.J. Tynan\tynant.01,27,COL,C,1,0,1,1,1,0,0.1,0,0,0,0,0,1,0,0,,11,10:41,0,0,0,0,
620,Carter Verhaeghe\verhaca01,24,TBL,C,10,0,1,1,0,2,-0.1,0,0,0,0,1,0,0,12,0.0,99,9:52,0,0,13,15,46.4
621,Mikhail Vorobyev\vorobmi01,23,PHI,C,6,0,1,1,-1,0,0.0,0,0,0,0,1,0,0,4,0.0,53,8:49,1,0,16,19,45.7
622,Andrew Agozzino\agozzan01,29,PIT,LW,1,0,0,0,-1,0,0.0,0,0,0,0,0,0,0,0,,2,1:44,0,1,0,1,0.0
623,Mason Appleton\applema01,24,WPG,C,9,0,0,0,-1,2,-0.2,0,0,0,0,0,0,0,9,0.0,93,10:21,2,2,0,1,0.0
624,Josh Archibald\archijo01,27,EDM,RW,8,0,0,0,-4,0,-0.3,0,0,0,0,0,0,0,8,0.0,90,11:18,2,10,0,0,
625,Mark Barberio\barbema01,29,COL,D,5,0,0,0,2,4,0.2,0,0,0,0,0,0,0,7,0.0,81,16:08,8,2,0,0,
626,Drake Batherson\bathedr01,21,OTT,C,2,0,0,0,-4,2,-0.2,0,0,0,0,0,0,0,0,,26,13:01,2,1,1,0,100.0
627,J.C. Beaudin\beaudje01,22,OTT,C,7,0,0,0,-3,5,-0.2,0,0,0,0,0,0,0,4,0.0,52,7:25,1,14,22,16,57.9
628,Nathan Beaulieu\beaulna01,27,WPG,D,1,0,0,0,0,2,0.0,0,0,0,0,0,0,0,0,,19,18:46,0,1,0,0,
629,Alex Biega\biegaal01,31,DET,D,5,0,0,0,-2,0,-0.1,0,0,0,0,0,0,0,8,0.0,70,13:55,4,6,0,0,
630,Jake Bischoff\bischja01,25,VEG,D,4,0,0,0,-2,4,-0.1,0,0,0,0,0,0,0,6,0.0,62,15:36,5,6,0,0,
631,Tobias Bjornfot\bjornto01,18,LAK,D,3,0,0,0,-4,0,-0.3,0,0,0,0,0,0,0,0,,39,12:58,0,0,0,0,
632,Jesper Boqvist\boqvije01,21,NJD,C,5,0,0,0,-2,4,-0.2,0,0,0,0,0,0,0,4,0.0,57,11:25,2,4,1,2,33.3
633,Henrik Borgström\borgshe01,22,FLA,C,4,0,0,0,-2,2,-0.2,0,0,0,0,0,0,0,3,0.0,50,12:23,0,1,13,11,54.2
634,Robert Bortuzzo\borturo01,30,STL,D,7,0,0,0,-1,2,0.0,0,0,0,0,0,0,0,2,0.0,84,12:01,8,10,0,0,
635,Connor Bunnaman\bunnaco01,21,PHI,F,4,0,0,0,0,0,-0.1,0,0,0,0,0,0,0,4,0.0,38,9:35,1,3,4,6,40.0
636,Daniel Carr\carrda01,28,NSH,LW,3,0,0,0,-1,0,-0.1,0,0,0,0,0,0,0,4,0.0,26,8:46,1,4,0,1,0.0
637,Trevor Carrick\carritr01,25,SJS,D,3,0,0,0,0,5,0.0,0,0,0,0,0,0,0,1,0.0,17,5:47,0,1,0,0,
638,Peter Cehlarik\cehlape01,24,BOS,LW,2,0,0,0,-2,2,-0.1,0,0,0,0,0,0,0,0,,22,10:51,2,2,1,1,50.0
639,Blake Comeau\comeabl01,33,DAL,RW,3,0,0,0,-2,6,-0.1,0,0,0,0,0,0,0,5,0.0,32,10:39,0,5,1,0,100.0
640,Carl Dahlstrom\dahlsca01,25,WPG,D,10,0,0,0,-2,4,0.0,0,0,0,0,0,0,0,7,0.0,162,16:15,8,5,0,0,
641,Trevor Daley\daleytr01,36,DET,D,11,0,0,0,-4,6,-0.1,0,0,0,0,0,0,0,10,0.0,164,14:52,9,0,0,0,
642,Jonathan Davidsson\davidjo03,22,OTT,RW,1,0,0,0,0,0,0.0,0,0,0,0,0,0,0,2,0.0,5,4:56,0,0,0,0,
643,Travis Dermott\dermotr01,23,TOR,D,4,0,0,0,5,0,0.4,0,0,0,0,0,0,0,2,0.0,47,11:49,3,2,0,0,
644,Justin Dowling\dowliju01,29,DAL,C,12,0,0,0,0,6,-0.2,0,0,0,0,0,0,0,13,0.0,129,10:44,6,8,14,18,43.8
645,Gabriel Dumont\dumonga01,29,MIN,C,3,0,0,0,-1,0,-0.1,0,0,0,0,0,0,0,3,0.0,35,11:30,2,6,5,7,41.7
646,Joel Edmundson\edmunjo01,26,CAR,D,16,0,0,0,0,19,0.2,0,0,0,0,0,0,0,20,0.0,281,17:34,25,20,0,0,
647,Christoffer Ehn\ehnch01,23,DET,C,10,0,0,0,-5,0,-0.4,0,0,0,0,0,0,0,4,0.0,121,12:03,4,13,4,3,57.1
648,Loui Eriksson\erikslo01,34,VAN,LW,7,0,0,0,-3,2,-0.2,0,0,0,0,0,0,0,8,0.0,71,10:05,2,0,0,0,
649,Adam Erne\ernead01,24,DET,LW,12,0,0,0,-6,14,-0.4,0,0,0,0,0,0,0,17,0.0,141,11:47,4,23,3,1,75.0
650,Martin Fehervary\feherma01,20,WSH,D,3,0,0,0,0,2,0.0,0,0,0,0,0,0,0,4,0.0,43,14:29,0,4,0,0,
651,Cale Fleury\fleurca01,21,MTL,D,11,0,0,0,-1,2,-0.1,0,0,0,0,0,0,0,9,0.0,161,14:38,15,32,0,0,
652,Rhett Gardner\gardnrh01,23,DAL,C,7,0,0,0,0,0,-0.1,0,0,0,0,0,0,0,8,0.0,71,10:12,1,4,21,22,48.8
653,Julien Gauthier\gauthju01,22,CAR,RW,2,0,0,0,1,2,0.0,0,0,0,0,0,0,0,0,,17,8:25,0,2,1,1,50.0
654,Brian Gibbons\gibbobr02,31,CAR,C,8,0,0,0,-1,0,-0.2,0,0,0,0,0,0,0,5,0.0,84,10:27,6,1,0,0,
655,Dennis Gilbert\gilbede01,23,CHI,D,3,0,0,0,-3,0,-0.2,0,0,0,0,0,0,0,2,0.0,47,15:42,2,17,0,0,
656,John Gilmour\gilmojo01,26,BUF,D,3,0,0,0,-2,0,-0.1,0,0,0,0,0,0,0,4,0.0,57,19:02,3,2,0,0,
657,Cody Goloubef\golouco01,30,OTT,D,1,0,0,0,-1,0,-0.1,0,0,0,0,0,0,0,0,,15,14:42,1,4,0,0,
658,Kevin Gravel\graveke01,27,TOR,D,3,0,0,0,0,0,0.0,0,0,0,0,0,0,0,2,0.0,33,11:05,3,1,0,0,
659,Noah Gregor\gregono01,21,SJS,C,8,0,0,0,-4,2,-0.2,0,0,0,0,0,0,0,5,0.0,68,8:31,1,9,1,5,16.7
660,David Gustafsson\gustada01,19,WPG,C,9,0,0,0,-1,0,-0.1,0,0,0,0,0,0,0,2,0.0,54,6:00,3,2,19,15,55.9
661,John Hayden\haydejo01,24,NJD,C,7,0,0,0,-1,2,-0.2,0,0,0,0,0,0,0,6,0.0,77,11:01,1,10,1,3,25.0
662,Tim Heed\heedti01,29,SJS,D,11,0,0,0,-2,0,0.0,0,0,0,0,0,0,0,11,0.0,107,9:42,3,5,0,0,
663,Cameron Hughes\hugheca01,23,BOS,C,1,0,0,0,-1,0,-0.1,0,0,0,0,0,0,0,0,,10,9:53,2,0,0,0,
664,Mark Jankowski\jankoma01,25,CGY,C,16,0,0,0,-8,4,-0.5,0,0,0,0,0,0,0,9,0.0,168,10:29,8,4,50,50,50.0
665,Steven Kampfer\kampfst01,31,BOS,D,2,0,0,0,2,2,0.2,0,0,0,0,0,0,0,3,0.0,25,12:31,1,3,0,0,
666,Karson Kuhlman\kuhlmka01,24,BOS,C,8,0,0,0,-2,2,-0.3,0,0,0,0,0,0,0,13,0.0,103,12:53,2,6,0,1,0.0
667,Tom Kuhnhackl\kuhnhto01,28,NYI,RW,6,0,0,0,-1,0,-0.2,0,0,0,0,0,0,0,8,0.0,69,11:33,4,4,0,0,
668,Adam Larsson\larssad01,27,EDM,D,1,0,0,0,0,0,0.0,0,0,0,0,0,0,0,1,0.0,22,22:19,4,3,0,0,
669,Mark Letestu\letesma01,34,WPG,C,7,0,0,0,0,0,-0.1,0,0,0,0,0,0,0,5,0.0,74,10:36,5,2,23,20,53.5
670,Tyler Lewington\lewinty01,25,WSH,D,5,0,0,0,-2,17,-0.1,0,0,0,0,0,0,0,2,0.0,52,10:26,5,10,0,0,
671,Adam Lowry\lowryad01,26,WPG,LW,14,0,0,0,0,9,-0.3,0,0,0,0,0,0,0,16,0.0,185,13:15,4,36,73,63,53.7
672,Isac Lundestrom\lundeis01,20,ANA,C,3,0,0,0,2,0,0.0,0,0,0,0,0,0,0,3,0.0,34,11:15,1,1,13,10,56.5
673,Eetu Luostarinen\luostee01,21,CAR,C,1,0,0,0,0,0,0.0,0,0,0,0,0,0,0,2,0.0,9,9:21,0,1,4,3,57.1
674,Martin Marincin\marinma01,27,TOR,D,7,0,0,0,-1,4,-0.1,0,0,0,0,0,0,0,6,0.0,83,11:51,6,5,0,0,
675,Dylan McIlrath\mcilrdy01,27,DET,D,1,0,0,0,-1,2,-0.1,0,0,0,0,0,0,0,0,,13,13:06,1,0,0,0,
676,Jayson Megna\megnaja01,29,COL,C,4,0,0,0,-1,0,-0.1,0,0,0,0,0,0,0,2,0.0,21,5:19,2,2,0,0,
677,Jacob Middleton\middlja01,24,SJS,D,1,0,0,0,0,0,0.0,0,0,0,0,0,0,0,0,,2,2:13,1,2,0,0,
678,Brandon Montour\montobr01,25,BUF,D,1,0,0,0,0,0,0.0,0,0,0,0,0,0,0,2,0.0,19,18:57,2,1,0,0,
679,Samuel Morin\morinsa01,24,PHI,D,1,0,0,0,-1,0,-0.1,0,0,0,0,0,0,0,0,,13,12:32,0,2,0,0,
680,Mirco Mueller\muellmi01,24,NJD,D,7,0,0,0,-1,11,0.0,0,0,0,0,0,0,0,5,0.0,105,15:00,6,3,0,0,
681,Connor Murphy\murphco02,26,CHI,D,6,0,0,0,0,2,0.1,0,0,0,0,0,0,0,11,0.0,121,20:11,6,15,0,0,
682,Aaron Ness\nessaa01,29,ARI,D,6,0,0,0,3,0,0.3,0,0,0,0,0,0,0,3,0.0,69,11:34,4,2,0,0,
683,Frans Nielsen\nielsfr01,35,DET,C,13,0,0,0,-6,2,-0.5,0,0,0,0,0,0,0,21,0.0,173,13:17,6,9,38,49,43.7
684,Sami Niku\nikusa01,23,WPG,D,1,0,0,0,0,0,0.0,0,0,0,0,0,0,0,1,0.0,17,17:01,3,1,0,0,
685,Richard Panik\panikri01,28,WSH,RW,8,0,0,0,-1,0,-0.2,0,0,0,0,0,0,0,7,0.0,95,11:51,2,5,6,2,75.0
686,Brendan Perlini\perlibr01,23,TOT,LW,5,0,0,0,-3,2,-0.2,0,0,0,0,0,0,0,9,0.0,62,12:25,1,4,0,0,
687,Joel Persson\perssjo02,25,EDM,D,8,0,0,0,-1,0,0.1,0,0,0,0,0,0,0,9,0.0,123,15:21,8,3,0,0,
688,Ryan Poehling\poehlry01,21,MTL,C,2,0,0,0,0,0,0.0,0,0,0,0,0,0,0,0,,19,9:29,3,3,2,8,20.0
689,Roman Polak\polakro01,33,DAL,D,1,0,0,0,0,0,0.0,0,0,0,0,0,0,0,0,,9,9:04,2,2,0,0,
690,Nikolai Prokhorkin\prokhni01,26,LAK,LW,2,0,0,0,0,0,0.0,0,0,0,0,0,0,0,4,0.0,28,13:52,0,4,10,10,50.0
691,Dalton Prout\proutda01,29,SJS,D,1,0,0,0,0,0,0.0,0,0,0,0,0,0,0,1,0.0,16,16:05,1,2,0,0,
692,Lukas Radil\radillu01,29,SJS,C,10,0,0,0,-3,6,-0.2,0,0,0,0,0,0,0,9,0.0,102,10:14,1,11,1,2,33.3
693,Anthony Richard\richaan01,23,NSH,C,1,0,0,0,-1,0,0.0,0,0,0,0,0,0,0,2,0.0,4,4:10,0,0,0,0,
694,German Rubtsov\rubtsge01,21,PHI,C,3,0,0,0,-1,0,-0.1,0,0,0,0,0,0,0,1,0.0,23,7:35,4,2,5,7,41.7
695,Patrick Russell\russepa01,27,EDM,RW,14,0,0,0,-3,2,-0.3,0,0,0,0,0,0,0,20,0.0,163,11:37,8,13,0,1,0.0
696,Ashton Sautner\sautnas01,25,VAN,D,1,0,0,0,0,0,0.0,0,0,0,0,0,0,0,1,0.0,3,2:49,0,0,0,0,
697,Luca Sbisa\sbisalu01,30,WPG,D,4,0,0,0,2,0,0.2,0,0,0,0,0,0,0,2,0.0,60,14:59,4,9,0,0,
698,Luke Schenn\schenlu01,30,TBL,D,2,0,0,0,-1,0,-0.1,0,0,0,0,0,0,0,2,0.0,33,16:41,1,3,0,0,
699,Nick Seeler\seeleni01,26,MIN,D,3,0,0,0,-2,6,-0.1,0,0,0,0,0,0,0,2,0.0,43,14:20,6,1,0,0,
700,Logan Shaw\shawlo01,28,WPG,RW,2,0,0,0,-1,0,-0.1,0,0,0,0,0,0,0,1,0.0,14,6:51,1,1,1,0,100.0
701,Riley Sheahan\sheahri01,28,EDM,C,12,0,0,0,-8,0,-0.5,0,0,0,0,0,0,0,9,0.0,137,11:27,2,5,62,56,52.5
702,Kole Sherwood\sherwko01,23,CBJ,RW,2,0,0,0,0,2,0.0,0,0,0,0,0,0,0,4,0.0,13,6:15,1,4,0,0,
703,Givani Smith\smithgi01,21,DET,RW,3,0,0,0,0,0,0.0,0,0,0,0,0,0,0,4,0.0,32,10:32,0,3,0,0,
704,Zack Smith\smithza01,31,CHI,C,8,0,0,0,-1,2,-0.2,0,0,0,0,0,0,0,5,0.0,78,9:48,2,9,6,10,37.5
705,Riley Stillman\stillri01,21,FLA,D,3,0,0,0,-2,5,-0.1,0,0,0,0,0,0,0,7,0.0,48,15:56,4,1,0,0,
706,C.J. Suess\frankcl01,25,WPG,LW,1,0,0,0,-1,0,0.0,0,0,0,0,0,0,0,0,,6,6:26,0,1,1,3,25.0
707,Evgeny Svechnikov\svechev01,23,DET,LW,4,0,0,0,-1,2,-0.1,0,0,0,0,0,0,0,7,0.0,33,8:20,1,5,0,0,
708,Jordan Szwarz\szwarjo01,28,OTT,RW,3,0,0,0,0,2,0.0,0,0,0,0,0,0,0,2,0.0,15,4:55,0,5,3,5,37.5
709,Conor Timmins\timmico01,21,COL,D,2,0,0,0,2,0,0.2,0,0,0,0,0,0,0,1,0.0,21,10:25,0,0,0,0,
710,Dominic Toninato\tonindo01,25,FLA,C,1,0,0,0,0,0,0.0,0,0,0,0,0,0,0,3,0.0,11,11:12,0,0,4,0,100.0
711,Yakov Trenin\treniya01,23,NSH,C,1,0,0,0,0,2,0.0,0,0,0,0,0,0,0,0,,13,12:35,0,1,0,0,
712,Alexander Volkov\volkoal01,22,TBL,RW,2,0,0,0,-3,0,-0.2,0,0,0,0,0,0,0,1,0.0,27,13:27,1,2,1,3,25.0
713,Oliver Wahlstrom\wahlsol01,19,NYI,RW,9,0,0,0,-2,4,-0.2,0,0,0,0,0,0,0,9,0.0,93,10:17,3,10,0,3,0.0
714,Yannick Weber\weberya01,31,NSH,D,11,0,0,0,-1,2,-0.1,0,0,0,0,0,0,0,8,0.0,142,12:52,7,8,0,0,
715,Danil Yurtaykin\yurtada01,22,SJS,F,4,0,0,0,-1,0,-0.1,0,0,0,0,0,0,0,2,0.0,52,13:00,1,3,0,0,